SoC_CH;OCP_NE_CH;OCP_PE_CH;SoC_DCH;OCP_NE_DCH;OCP_PE_DCH;Q_Ch;Q_Dch
0;1.06936;3.56474;0;1.184724;3.584737;0;0
0.00050025;1.003009035;3.567044918;0.00050025;1.173935169;3.585236553;0.003925315;0.003795126
0.0010005;0.962291829;3.567900102;0.0010005;1.16319908;3.585743433;0.00785063;0.007590251
0.00150075;0.928096952;3.568641509;0.00150075;1.15282771;3.586245541;0.011775945;0.011385377
0.002001001;0.897931371;3.569312864;0.002001001;1.142564737;3.586751309;0.01570126;0.015180503
0.002501251;0.870772543;3.569950048;0.002501251;1.132567769;3.587254046;0.019626575;0.018975628
0.003001501;0.846134809;3.570554265;0.003001501;1.1227718;3.587753957;0.02355189;0.022770754
0.003501751;0.823729483;3.571143752;0.003501751;1.113159401;3.588256592;0.027477205;0.02656588
0.004002001;0.803246145;3.571716842;0.004002001;1.103811429;3.588753864;0.03140252;0.030361005
0.004502251;0.784416048;3.572270915;0.004502251;1.094623842;3.589247351;0.035327835;0.034156131
0.005002501;0.767119084;3.572820377;0.005002501;1.085580297;3.589740574;0.03925315;0.037951257
0.005502751;0.751278989;3.573357175;0.005502751;1.076754833;3.59023516;0.043178465;0.041746382
0.006003002;0.736826566;3.573892072;0.006003002;1.068116927;3.590724413;0.04710378;0.045541508
0.006503252;0.723632592;3.574413425;0.006503252;1.059616985;3.591214258;0.051029095;0.049336634
0.007003502;0.711542233;3.574940296;0.007003502;1.051285759;3.591702058;0.05495441;0.053131759
0.007503752;0.700369235;3.575456135;0.007503752;1.043066766;3.592186169;0.058879725;0.056926885
0.008004002;0.68996539;3.575974075;0.008004002;1.035023453;3.592671034;0.06280504;0.060722011
0.008504252;0.680203268;3.5764877;0.008504252;1.027167732;3.593154305;0.066730354;0.064517136
0.009004502;0.67097623;3.577000768;0.009004502;1.019424879;3.593631128;0.070655669;0.068312262
0.009504752;0.66219849;3.577512575;0.009504752;1.011795201;3.594106176;0.074580984;0.072107388
0.010005003;0.653812677;3.578022842;0.010005003;1.004317216;3.594581796;0.078506299;0.075902513
0.010505253;0.64578843;3.578533992;0.010505253;0.996945938;3.59505522;0.082431614;0.079697639
0.011005503;0.638078546;3.579044756;0.011005503;0.989772927;3.595524426;0.086356929;0.083492765
0.011505753;0.630656107;3.579553047;0.011505753;0.982690885;3.595995773;0.090282244;0.08728789
0.012006003;0.623499227;3.580067904;0.012006003;0.975735424;3.596465451;0.094207559;0.091083016
0.012506253;0.616588007;3.580575826;0.012506253;0.968942563;3.596932344;0.098132874;0.094878142
0.013006503;0.60991093;3.581087572;0.013006503;0.962264516;3.597392921;0.102058189;0.098673268
0.013506753;0.603455559;3.581601987;0.013506753;0.955758433;3.597854554;0.105983504;0.102468393
0.014007004;0.597196351;3.582112392;0.014007004;0.949338928;3.598314202;0.109908819;0.106263519
0.014507254;0.59112429;3.582624309;0.014507254;0.942995471;3.598774692;0.113834134;0.110058645
0.015007504;0.585233863;3.583136549;0.015007504;0.936730356;3.599225728;0.117759449;0.11385377
0.015507754;0.579513798;3.583655744;0.015507754;0.930539537;3.599680917;0.121684764;0.117648896
0.016008004;0.573953112;3.584169432;0.016008004;0.924448387;3.600136025;0.125610079;0.121444022
0.016508254;0.568546921;3.584685307;0.016508254;0.918442335;3.600581939;0.129535394;0.125239147
0.017008504;0.56328869;3.585206532;0.017008504;0.912528485;3.601033366;0.133460709;0.129034273
0.017508754;0.558165997;3.585724338;0.017508754;0.906687059;3.601480681;0.137386024;0.132829399
0.018009005;0.553172129;3.586245702;0.018009005;0.900932384;3.601925591;0.141311339;0.136624524
0.018509255;0.548303946;3.586764488;0.018509255;0.895290084;3.602366988;0.145236654;0.14041965
0.019009505;0.543552503;3.58728491;0.019009505;0.88971472;3.602803552;0.149161969;0.144214776
0.019509755;0.538909862;3.587802367;0.019509755;0.884244387;3.603239522;0.153087284;0.148009901
0.020010005;0.534374283;3.588320413;0.020010005;0.878849706;3.603671781;0.157012599;0.151805027
0.020510255;0.529940968;3.588841416;0.020510255;0.873546305;3.604105537;0.160937914;0.155600153
0.021010505;0.525597361;3.589357553;0.021010505;0.868327748;3.604526159;0.164863229;0.159395278
0.021510755;0.521346931;3.589880783;0.021510755;0.863201573;3.604950713;0.168788544;0.163190404
0.022011006;0.517172007;3.590397935;0.022011006;0.858159449;3.605373224;0.172713859;0.16698553
0.022511256;0.513074939;3.590918182;0.022511256;0.853193191;3.60579507;0.176639174;0.170780655
0.023011506;0.509047986;3.591437342;0.023011506;0.84831977;3.606211672;0.180564489;0.174575781
0.023511756;0.505086671;3.591960086;0.023511756;0.843513193;3.606628632;0.184489804;0.178370907
0.024012006;0.501184171;3.592479191;0.024012006;0.838787751;3.607039056;0.188415119;0.182166032
0.024512256;0.497332352;3.592994957;0.024512256;0.834136922;3.607446142;0.192340434;0.185961158
0.025012506;0.493535481;3.593513793;0.025012506;0.829577501;3.607855434;0.196265748;0.189756284
0.025512756;0.489789476;3.594029473;0.025512756;0.82510979;3.608255163;0.200191063;0.193551409
0.026013007;0.486093933;3.594545991;0.026013007;0.820673351;3.60865141;0.204116378;0.197346535
0.026513257;0.482445966;3.595065739;0.026513257;0.816323357;3.609053658;0.208041693;0.201141661
0.027013507;0.478839757;3.595579374;0.027013507;0.812020499;3.609446544;0.211967008;0.204936786
0.027513757;0.475281883;3.596094604;0.027513757;0.807788769;3.609842587;0.215892323;0.208731912
0.028014007;0.471767492;3.596605293;0.028014007;0.803634078;3.61023412;0.219817638;0.212527038
0.028514257;0.468294011;3.597115164;0.028514257;0.79953501;3.610618283;0.223742953;0.216322163
0.029014507;0.464865309;3.597625471;0.029014507;0.795503153;3.611007368;0.227668268;0.220117289
0.029514757;0.461478747;3.598132597;0.029514757;0.791520301;3.611388868;0.231593583;0.223912415
0.030015008;0.458133614;3.598639116;0.030015008;0.787590295;3.611768567;0.235518898;0.22770754
0.030515258;0.454830146;3.599143377;0.030515258;0.783731052;3.612147845;0.239444213;0.231502666
0.031015508;0.451569349;3.599648613;0.031015508;0.779922211;3.612517991;0.243369528;0.235297792
0.031515758;0.448344539;3.600145662;0.031515758;0.776182627;3.612889796;0.247294843;0.239092917
0.032016008;0.445162784;3.600645;0.032016008;0.772496566;3.613261408;0.251220158;0.242888043
0.032516258;0.442025;3.601145053;0.032516258;0.768855033;3.613630568;0.255145473;0.246683169
0.033016508;0.438926494;3.601639527;0.033016508;0.765255301;3.613992113;0.259070788;0.250478294
0.033516758;0.435866507;3.602132442;0.033516758;0.761706857;3.614357577;0.262996103;0.25427342
0.034017009;0.432846881;3.602623762;0.034017009;0.758235071;3.614716942;0.266921418;0.258068546
0.034517259;0.429865881;3.603111362;0.034517259;0.754784325;3.615074773;0.270846733;0.261863671
0.035017509;0.426926675;3.603600628;0.035017509;0.751384358;3.615428699;0.274772048;0.265658797
0.035517759;0.424021987;3.604082337;0.035517759;0.748031946;3.61578055;0.278697363;0.269453923
0.036018009;0.421159355;3.604565033;0.036018009;0.744723416;3.616131016;0.282622678;0.273249048
0.036518259;0.418332347;3.605043152;0.036518259;0.741458759;3.616479296;0.286547993;0.277044174
0.037018509;0.415545115;3.605519454;0.037018509;0.738244686;3.616826303;0.290473308;0.2808393
0.037518759;0.412793479;3.60599093;0.037518759;0.735068306;3.617174161;0.294398623;0.284634425
0.03801901;0.410073387;3.60645411;0.03801901;0.731933553;3.617510495;0.298323938;0.288429551
0.03851926;0.407396934;3.606925451;0.03851926;0.728839306;3.617851836;0.302249253;0.292224677
0.03901951;0.404755407;3.607392147;0.03901951;0.725784617;3.618188393;0.306174568;0.296019803
0.03951976;0.402154111;3.607856286;0.03951976;0.722769462;3.618518345;0.310099883;0.299814928
0.04002001;0.399583018;3.608314771;0.04002001;0.719791041;3.618847672;0.314025198;0.303610054
0.04052026;0.397047474;3.608766876;0.04052026;0.71684658;3.619183168;0.317950513;0.30740518
0.04102051;0.394548708;3.609222591;0.04102051;0.713943698;3.619508499;0.321875828;0.311200305
0.04152076;0.392082201;3.609667832;0.04152076;0.711084288;3.619834065;0.325801142;0.314995431
0.042021011;0.389651323;3.610114953;0.042021011;0.708250627;3.620157995;0.329726457;0.318790557
0.042521261;0.387254745;3.610557826;0.042521261;0.705458631;3.620480672;0.333651772;0.322585682
0.043021511;0.384889694;3.610993178;0.043021511;0.702704654;3.620798556;0.337577087;0.326380808
0.043521761;0.382561197;3.611430154;0.043521761;0.699969372;3.621111293;0.341502402;0.330175934
0.044022011;0.380264887;3.611862419;0.044022011;0.697266419;3.621424712;0.345427717;0.333971059
0.044522261;0.37800038;3.612288097;0.044522261;0.694592881;3.621735546;0.349353032;0.337766185
0.045022511;0.375774165;3.612714907;0.045022511;0.691959324;3.622049645;0.353278347;0.341561311
0.045522761;0.373579018;3.613139635;0.045522761;0.689351975;3.622354186;0.357203662;0.345356436
0.046023012;0.371416741;3.613560759;0.046023012;0.686781228;3.62266075;0.361128977;0.349151562
0.046523262;0.369290356;3.613979515;0.046523262;0.684235766;3.62296532;0.365054292;0.352946688
0.047023512;0.367194562;3.6143945;0.047023512;0.681712378;3.623266745;0.368979607;0.356741813
0.047523762;0.365129336;3.614802292;0.047523762;0.679223277;3.623559793;0.372904922;0.360536939
0.048024012;0.363098251;3.615208038;0.048024012;0.676756236;3.62386229;0.376830237;0.364332065
0.048524262;0.3611031;3.615613857;0.048524262;0.674313291;3.624156052;0.380755552;0.36812719
0.049024512;0.359135746;3.616012051;0.049024512;0.671887136;3.624447892;0.384680867;0.371922316
0.049524762;0.357200663;3.616408209;0.049524762;0.669485516;3.624742255;0.388606182;0.375717442
0.050025013;0.355300578;3.616805925;0.050025013;0.667127612;3.625032685;0.392531497;0.379512567
0.050525263;0.353430677;3.617195227;0.050525263;0.664779649;3.625320187;0.396456812;0.383307693
0.051025513;0.351590616;3.61758237;0.051025513;0.662450707;3.625605991;0.400382127;0.387102819
0.051525763;0.349778265;3.617962284;0.051525763;0.660135565;3.625889687;0.404307442;0.390897944
0.052026013;0.348002879;3.618347026;0.052026013;0.657851923;3.626170207;0.408232757;0.39469307
0.052526263;0.346258057;3.618725468;0.052526263;0.655588867;3.626448446;0.412158072;0.398488196
0.053026513;0.344542925;3.619102447;0.053026513;0.65334161;3.626726534;0.416083387;0.402283321
0.053526763;0.342853276;3.619470846;0.053526763;0.651119406;3.627005697;0.420008702;0.406078447
0.054027014;0.341198252;3.619840242;0.054027014;0.648914972;3.627281027;0.423934017;0.409873573
0.054527264;0.339574618;3.620208873;0.054527264;0.646730107;3.62755128;0.427859332;0.413668698
0.055027514;0.337979061;3.620571086;0.055027514;0.644559485;3.627822358;0.431784647;0.417463824
0.055527764;0.336414889;3.62093081;0.055527764;0.642414363;3.628090962;0.435709962;0.42125895
0.056028014;0.334880264;3.621287947;0.056028014;0.640299267;3.628362298;0.439635277;0.425054075
0.056528264;0.333375388;3.62164006;0.056528264;0.638199337;3.628628087;0.443560592;0.428849201
0.057028514;0.331902284;3.621994752;0.057028514;0.636104609;3.628889647;0.447485907;0.432644327
0.057528764;0.330459404;3.622345088;0.057528764;0.634038033;3.629155645;0.451411222;0.436439452
0.058029015;0.329041288;3.622685609;0.058029015;0.63198428;3.629415558;0.455336536;0.440234578
0.058529265;0.32765664;3.623030095;0.058529265;0.629948311;3.629675165;0.459261851;0.444029704
0.059029515;0.326301883;3.623370417;0.059029515;0.627928979;3.629928997;0.463187166;0.447824829
0.059529765;0.324975361;3.623708859;0.059529765;0.625925421;3.630184028;0.467112481;0.451619955
0.060030015;0.323678467;3.624044152;0.060030015;0.623940417;3.630437277;0.471037796;0.455415081
0.060530265;0.32240525;3.624372979;0.060530265;0.621967955;3.630687046;0.474963111;0.459210206
0.061030515;0.321161924;3.624698592;0.061030515;0.620020762;3.630939479;0.478888426;0.463005332
0.061530765;0.319950526;3.625028252;0.061530765;0.618084949;3.631191062;0.482813741;0.466800458
0.062031016;0.318767268;3.62535315;0.062031016;0.616166813;3.631439497;0.486739056;0.470595583
0.062531266;0.317604328;3.625671803;0.062531266;0.614263374;3.631682796;0.490664371;0.474390709
0.063031516;0.316472158;3.625991864;0.063031516;0.612373982;3.631925038;0.494589686;0.478185835
0.063531766;0.315362807;3.626306114;0.063531766;0.610502975;3.632166696;0.498515001;0.481980961
0.064032016;0.314279566;3.626619259;0.064032016;0.608647294;3.632408071;0.502440316;0.485776086
0.064532266;0.313224595;3.626934581;0.064532266;0.606806895;3.632649281;0.506365631;0.489571212
0.065032516;0.312186998;3.627238445;0.065032516;0.604977893;3.632887618;0.510290946;0.493366338
0.065532766;0.311173418;3.62754105;0.065532766;0.603171951;3.633123533;0.514216261;0.497161463
0.066033017;0.310187605;3.627845415;0.066033017;0.601379017;3.633357482;0.518141576;0.500956589
0.066533267;0.309227424;3.628148917;0.066533267;0.599596971;3.633587915;0.522066891;0.504751715
0.067033517;0.308284561;3.628447746;0.067033517;0.597825091;3.633820835;0.525992206;0.50854684
0.067533767;0.307361487;3.628744854;0.067533767;0.596076474;3.634051139;0.529917521;0.512341966
0.068034017;0.306462571;3.629042123;0.068034017;0.594339241;3.634281004;0.533842836;0.516137092
0.068534267;0.305578343;3.629333321;0.068534267;0.592613855;3.634506174;0.537768151;0.519932217
0.069034517;0.304712401;3.629620938;0.069034517;0.590900664;3.634728408;0.541693466;0.523727343
0.069534767;0.303864625;3.62990837;0.069534767;0.589204426;3.634954171;0.545618781;0.527522469
0.070035018;0.303037444;3.630197867;0.070035018;0.587523301;3.635177415;0.549544096;0.531317594
0.070535268;0.302220287;3.630476694;0.070535268;0.585853955;3.635397287;0.553469411;0.53511272
0.071035518;0.301420374;3.630758428;0.071035518;0.584201456;3.63562111;0.557394726;0.538907846
0.071535768;0.300632973;3.631035454;0.071535768;0.582554692;3.635836316;0.561320041;0.542702971
0.072036018;0.299862317;3.63131597;0.072036018;0.580927768;3.636049396;0.565245356;0.546498097
0.072536268;0.299102223;3.631593103;0.072536268;0.579313272;3.636267289;0.569170671;0.550293223
0.073036518;0.298349769;3.631864783;0.073036518;0.577708043;3.636478806;0.573095986;0.554088348
0.073536768;0.297612584;3.632139271;0.073536768;0.576123973;3.636691043;0.577021301;0.557883474
0.074037019;0.296878239;3.632405094;0.074037019;0.574548631;3.636899336;0.580946616;0.5616786
0.074537269;0.296158559;3.632673526;0.074537269;0.572987432;3.637107473;0.58487193;0.565473725
0.075037519;0.295448061;3.632941197;0.075037519;0.571439829;3.637312708;0.588797245;0.569268851
0.075537769;0.294746394;3.633205706;0.075537769;0.569903324;3.6375179;0.59272256;0.573063977
0.076038019;0.294047316;3.63346903;0.076038019;0.568382245;3.63772314;0.596647875;0.576859102
0.076538269;0.293352304;3.633726255;0.076538269;0.566875353;3.637925555;0.60057319;0.580654228
0.077038519;0.292665653;3.633985035;0.077038519;0.565382353;3.638126219;0.604498505;0.584449354
0.077538769;0.291987741;3.634245042;0.077538769;0.563902313;3.638324797;0.60842382;0.588244479
0.07803902;0.291311435;3.63450174;0.07803902;0.562435271;3.638521051;0.612349135;0.592039605
0.07853927;0.29063947;3.634757232;0.07853927;0.5609765;3.638709215;0.61627445;0.595834731
0.07903952;0.289969511;3.635007376;0.07903952;0.559539865;3.63890395;0.620199765;0.599629856
0.07953977;0.289306861;3.635261917;0.07953977;0.558111668;3.639094823;0.62412508;0.603424982
0.08004002;0.288644012;3.635509159;0.08004002;0.556690712;3.639283436;0.628050395;0.607220108
0.08054027;0.287986939;3.635760049;0.08054027;0.555283429;3.639471369;0.63197571;0.611015233
0.08104052;0.287332822;3.636006919;0.08104052;0.553890223;3.639657301;0.635901025;0.614810359
0.08154077;0.286680049;3.63625205;0.08154077;0.552509936;3.639843978;0.63982634;0.618605485
0.082041021;0.286028211;3.636492936;0.082041021;0.551134791;3.640022809;0.643751655;0.62240061
0.082541271;0.285381556;3.636735485;0.082541271;0.549779159;3.640205668;0.64767697;0.626195736
0.083041521;0.284734582;3.636976228;0.083041521;0.548435091;3.640381665;0.651602285;0.629990862
0.083541771;0.284090466;3.637213643;0.083541771;0.547104684;3.64056312;0.6555276;0.633785987
0.084042021;0.28345021;3.637451071;0.084042021;0.545783288;3.640742905;0.659452915;0.637581113
0.084542271;0.282809677;3.637684468;0.084542271;0.544475288;3.640916707;0.66337823;0.641376239
0.085042521;0.282176017;3.63792364;0.085042521;0.543174243;3.641089526;0.667303545;0.645171364
0.085542771;0.281537238;3.638152307;0.085542771;0.541888914;3.641266816;0.67122886;0.64896649
0.086043022;0.280906026;3.638386197;0.086043022;0.540612256;3.641439397;0.675154175;0.652761616
0.086543272;0.280281108;3.638620225;0.086543272;0.53934848;3.641608171;0.67907949;0.656556741
0.087043522;0.27965495;3.638847203;0.087043522;0.538104347;3.641785732;0.683004805;0.660351867
0.087543772;0.279031833;3.639077596;0.087543772;0.536858571;3.641951129;0.68693012;0.664146993
0.088044022;0.278405965;3.639299073;0.088044022;0.535633362;3.642120295;0.690855435;0.667942118
0.088544272;0.277786123;3.639524896;0.088544272;0.534419599;3.642295222;0.69478075;0.671737244
0.089044522;0.277171234;3.639748625;0.089044522;0.533220501;3.6424675;0.698706065;0.67553237
0.089544772;0.276561365;3.639975506;0.089544772;0.532023464;3.642633906;0.70263138;0.679327496
0.090045023;0.275949429;3.640194481;0.090045023;0.530842349;3.642801215;0.706556695;0.683122621
0.090545273;0.275337492;3.640410085;0.090545273;0.529672563;3.642969018;0.710482009;0.686917747
0.091045523;0.274728143;3.640625373;0.091045523;0.528512288;3.643138031;0.714407324;0.690712873
0.091545773;0.274125535;3.640844045;0.091545773;0.527366404;3.643309138;0.718332639;0.694507998
0.092046023;0.273521995;3.641061956;0.092046023;0.526223439;3.643474507;0.722257954;0.698303124
0.092546273;0.272919223;3.64127592;0.092546273;0.525089564;3.643644814;0.726183269;0.70209825
0.093046523;0.272315948;3.641487862;0.093046523;0.523965779;3.643816531;0.730108584;0.705893375
0.093546773;0.271720083;3.641701865;0.093546773;0.52284838;3.64398218;0.734033899;0.709688501
0.094047024;0.271123966;3.641910476;0.094047024;0.521744677;3.644153046;0.737959214;0.713483627
0.094547274;0.270526692;3.642115032;0.094547274;0.520649769;3.644324626;0.741884529;0.717278752
0.095047524;0.269933168;3.642317575;0.095047524;0.519562969;3.644495404;0.745809844;0.721073878
0.095547774;0.269346265;3.642526394;0.095547774;0.518487133;3.644664758;0.749735159;0.724869004
0.096048024;0.268761405;3.64273181;0.096048024;0.517424465;3.644839428;0.753660474;0.728664129
0.096548274;0.268181081;3.642937712;0.096548274;0.516367788;3.645012462;0.757585789;0.732459255
0.097048524;0.267599214;3.643139537;0.097048524;0.515313855;3.64518101;0.761511104;0.736254381
0.097548774;0.267021787;3.643342302;0.097548774;0.514278881;3.645356311;0.765436419;0.740049506
0.098049025;0.266440249;3.643534653;0.098049025;0.513247677;3.645534787;0.769361734;0.743844632
0.098549275;0.265867563;3.643734095;0.098549275;0.512224433;3.645705821;0.773287049;0.747639758
0.099049525;0.265295368;3.643926723;0.099049525;0.511207437;3.64588083;0.777212364;0.751434883
0.099549775;0.264726849;3.644119641;0.099549775;0.510200098;3.646056437;0.781137679;0.755230009
0.100050025;0.264163409;3.64431366;0.100050025;0.509202464;3.646234462;0.785062994;0.759025135
0.100550275;0.263599091;3.64450292;0.100550275;0.508204578;3.646408761;0.788988309;0.76282026
0.101050525;0.263038489;3.644691595;0.101050525;0.507221769;3.646593346;0.792913624;0.766615386
0.101550775;0.262478254;3.644876168;0.101550775;0.50624053;3.646772381;0.796838939;0.770410512
0.102051026;0.261912364;3.645051792;0.102051026;0.505264152;3.646953656;0.800764254;0.774205637
0.102551276;0.261358697;3.645238772;0.102551276;0.504293128;3.647131892;0.804689569;0.778000763
0.103051526;0.260808162;3.645424322;0.103051526;0.503329158;3.647312397;0.808614884;0.781795889
0.103551776;0.260262997;3.645610716;0.103551776;0.50237722;3.647500363;0.812540199;0.785591014
0.104052026;0.259719725;3.64579614;0.104052026;0.501424149;3.647680385;0.816465514;0.78938614
0.104552276;0.259170152;3.645973623;0.104552276;0.500477114;3.647864943;0.820390829;0.793181266
0.105052526;0.258624366;3.646151657;0.105052526;0.499538924;3.648049685;0.824316144;0.796976391
0.105552776;0.25808534;3.646331096;0.105552776;0.498612577;3.64823992;0.828241459;0.800771517
0.106053027;0.257543794;3.646506617;0.106053027;0.49767841;3.648426149;0.832166774;0.804566643
0.106553277;0.257004825;3.646681054;0.106553277;0.496751496;3.648611962;0.836092089;0.808361768
0.107053527;0.256477333;3.646862319;0.107053527;0.495832277;3.648802031;0.840017403;0.812156894
0.107553777;0.255948015;3.647041958;0.107553777;0.494915896;3.648991147;0.843942718;0.81595202
0.108054027;0.255420619;3.647221936;0.108054027;0.494007407;3.649184434;0.847868033;0.819747145
0.108554277;0.254891553;3.647399603;0.108554277;0.493101252;3.649377267;0.851793348;0.823542271
0.109054527;0.254371752;3.647582884;0.109054527;0.49219512;3.649568086;0.855718663;0.827337397
0.109554777;0.253843227;3.647756717;0.109554777;0.491294029;3.649759695;0.859643978;0.831132522
0.110055028;0.253319514;3.647935715;0.110055028;0.49039771;3.64995888;0.863569293;0.834927648
0.110555278;0.252799019;3.648114296;0.110555278;0.489502341;3.650156288;0.867494608;0.838722774
0.111055528;0.252277873;3.648288795;0.111055528;0.488609382;3.650351614;0.871419923;0.842517899
0.111555778;0.251760991;3.64846817;0.111555778;0.487720415;3.650552099;0.875345238;0.846313025
0.112056028;0.251243329;3.648644149;0.112056028;0.486832594;3.650753188;0.879270553;0.850108151
0.112556278;0.250733638;3.648827997;0.112556278;0.48594468;3.650952005;0.883195868;0.853903276
0.113056528;0.25022206;3.649007231;0.113056528;0.485062272;3.651153282;0.887121183;0.857698402
0.113556778;0.249713421;3.649187509;0.113556778;0.484179662;3.651356245;0.891046498;0.861493528
0.114057029;0.249202468;3.64936526;0.114057029;0.483297734;3.651559442;0.894971813;0.865288654
0.114557279;0.248694833;3.649544226;0.114557279;0.48241836;3.651765042;0.898897128;0.869083779
0.115057529;0.24819084;3.6497256;0.115057529;0.481537823;3.651967348;0.902822443;0.872878905
0.115557779;0.247691857;3.649910214;0.115557779;0.480662363;3.652176307;0.906747758;0.876674031
0.116058029;0.247192264;3.650093347;0.116058029;0.479785376;3.652382331;0.910673073;0.880469156
0.116558279;0.246696693;3.6502771;0.116558279;0.47891092;3.652593544;0.914598388;0.884264282
0.117058529;0.246201832;3.650461993;0.117058529;0.478034024;3.652802172;0.918523703;0.888059408
0.117558779;0.245711233;3.650650174;0.117558779;0.477159507;3.653012445;0.922449018;0.891854533
0.11805903;0.245220905;3.650836099;0.11805903;0.476284751;3.653223045;0.926374333;0.895649659
0.11855928;0.244722911;3.651016562;0.11855928;0.475414157;3.653437665;0.930299648;0.899444785
0.11905953;0.244238595;3.651204952;0.11905953;0.474541665;3.653653513;0.934224963;0.90323991
0.11955978;0.243753652;3.651393608;0.11955978;0.473669015;3.653868984;0.938150278;0.907035036
0.12006003;0.243274656;3.651588174;0.12006003;0.472791494;3.654082623;0.942075593;0.910830162
0.12056028;0.242793612;3.651778648;0.12056028;0.471916322;3.654302541;0.946000908;0.914625287
0.12106053;0.242318941;3.651974406;0.12106053;0.471036184;3.654519502;0.949926223;0.918420413
0.12156078;0.241843669;3.652167198;0.12156078;0.470156627;3.654736648;0.953851538;0.922215539
0.122061031;0.241368531;3.652364155;0.122061031;0.469278726;3.654955783;0.957776853;0.926010664
0.122561281;0.240895185;3.652559309;0.122561281;0.468405513;3.655184157;0.961702168;0.92980579
0.123061531;0.24042225;3.652754956;0.123061531;0.467522465;3.655401973;0.965627483;0.933600916
0.123561781;0.239952674;3.652952106;0.123561781;0.466637995;3.655625879;0.969552797;0.937396041
0.124062031;0.239485194;3.653151641;0.124062031;0.4657543;3.655851059;0.973478112;0.941191167
0.124562281;0.239016746;3.653348913;0.124562281;0.464866634;3.656075785;0.977403427;0.944986293
0.125062531;0.238555046;3.653555091;0.125062531;0.463979224;3.656302972;0.981328742;0.948781418
0.125562781;0.238091366;3.653756661;0.125562781;0.463087357;3.656529169;0.985254057;0.952576544
0.126063032;0.237626911;3.653958273;0.126063032;0.462193941;3.656756571;0.989179372;0.95637167
0.126563282;0.237163703;3.654160952;0.126563282;0.461299925;3.656986835;0.993104687;0.960166795
0.127063532;0.236702852;3.65436658;0.127063532;0.460404518;3.657222266;0.997030002;0.963961921
0.127563782;0.236243487;3.654573697;0.127563782;0.459506618;3.657452765;1.000955317;0.967757047
0.128064032;0.235788442;3.654782924;0.128064032;0.458606107;3.657684609;1.004880632;0.971552172
0.128564282;0.235335842;3.654999215;0.128564282;0.457704843;3.657920575;1.008805947;0.975347298
0.129064532;0.234880834;3.655206723;0.129064532;0.456799012;3.658152416;1.012731262;0.979142424
0.129564782;0.234430673;3.655420471;0.129564782;0.455892084;3.658387165;1.016656577;0.982937549
0.130065033;0.233978222;3.655634078;0.130065033;0.454983926;3.658624358;1.020581892;0.986732675
0.130565283;0.233523371;3.6558424;0.130565283;0.454073131;3.658861569;1.024507207;0.990527801
0.131065533;0.233076772;3.656061067;0.131065533;0.453157802;3.659100968;1.028432522;0.994322926
0.131565783;0.232627908;3.656275484;0.131565783;0.452241274;3.659340851;1.032357837;0.998118052
0.132066033;0.232179965;3.656491307;0.132066033;0.451323662;3.659580867;1.036283152;1.001913178
0.132566283;0.231733344;3.656712163;0.132566283;0.450402952;3.659823516;1.040208467;1.005708303
0.133066533;0.231288544;3.656933808;0.133066533;0.449478367;3.6600631;1.044133782;1.009503429
0.133566783;0.230843686;3.657153328;0.133566783;0.448552727;3.660309584;1.048059097;1.013298555
0.134067034;0.230400413;3.657376692;0.134067034;0.447624128;3.660553845;1.051984412;1.01709368
0.134567284;0.229957301;3.65760189;0.134567284;0.446690076;3.660796779;1.055909727;1.020888806
0.135067534;0.229514929;3.657827923;0.135067534;0.445752795;3.661041861;1.059835042;1.024683932
0.135567784;0.229071202;3.658050867;0.135567784;0.444811955;3.661288133;1.063760357;1.028479057
0.136068034;0.228634386;3.658282296;0.136068034;0.443874014;3.661540272;1.067685672;1.032274183
0.136568284;0.228191702;3.658508797;0.136568284;0.44292534;3.661786952;1.071610987;1.036069309
0.137068534;0.227739494;3.65872539;0.137068534;0.441977449;3.662036483;1.075536302;1.039864434
0.137568784;0.227304984;3.658959757;0.137568784;0.441027176;3.662290918;1.079461617;1.04365956
0.138069035;0.226864057;3.659187036;0.138069035;0.4400723;3.662540953;1.083386932;1.047454686
0.138569285;0.226428629;3.659422888;0.138569285;0.43911564;3.66279263;1.087312247;1.051249811
0.139069535;0.225995111;3.659660785;0.139069535;0.438156528;3.663047307;1.091237562;1.055044937
0.139569785;0.225561362;3.65989886;0.139569785;0.43719643;3.66330521;1.095162877;1.058840063
0.140070035;0.225118915;3.660129252;0.140070035;0.436227294;3.663556771;1.099088191;1.062635189
0.140570285;0.224690754;3.660372564;0.140570285;0.435258291;3.663812948;1.103013506;1.066430314
0.141070535;0.224258967;3.660612414;0.141070535;0.434283858;3.664067256;1.106938821;1.07022544
0.141570785;0.223829815;3.660855817;0.141570785;0.433306622;3.66432645;1.110864136;1.074020566
0.142071036;0.223398573;3.661096942;0.142071036;0.432327441;3.664584686;1.114789451;1.077815691
0.142571286;0.222960511;3.661333561;0.142571286;0.431346788;3.664844994;1.118714766;1.081610817
0.143071536;0.222530905;3.661575777;0.143071536;0.430361296;3.665105866;1.122640081;1.085405943
0.143571786;0.222106795;3.661824087;0.143571786;0.429374968;3.665368529;1.126565396;1.089201068
0.144072036;0.221683098;3.662070848;0.144072036;0.428389182;3.665632312;1.130490711;1.092996194
0.144572286;0.221259049;3.662319479;0.144572286;0.427398354;3.665892586;1.134416026;1.09679132
0.145072536;0.220836716;3.66257021;0.145072536;0.426403603;3.66615662;1.138341341;1.100586445
0.145572786;0.220416046;3.662816103;0.145572786;0.425406479;3.66642129;1.142266656;1.104381571
0.146073037;0.219994552;3.663065435;0.146073037;0.424405598;3.666686011;1.146191971;1.108176697
0.146573287;0.219577301;3.663318058;0.146573287;0.42340212;3.666950842;1.150117286;1.111971822
0.147073537;0.219158194;3.66356499;0.147073537;0.422396565;3.667218294;1.154042601;1.115766948
0.147573787;0.218742734;3.663816851;0.147573787;0.421392433;3.667487322;1.157967916;1.119562074
0.148074037;0.218333445;3.664073194;0.148074037;0.42038185;3.667753245;1.161893231;1.123357199
0.148574287;0.217926138;3.664327819;0.148574287;0.419368529;3.668022443;1.165818546;1.127152325
0.149074537;0.217521742;3.664585241;0.149074537;0.418356431;3.668289662;1.169743861;1.130947451
0.149574787;0.217119253;3.664839824;0.149574787;0.41734448;3.668561979;1.173669176;1.134742576
0.150075038;0.21672381;3.665098078;0.150075038;0.416327201;3.668835358;1.177594491;1.138537702
0.150575288;0.216332499;3.665357171;0.150575288;0.415305566;3.669104919;1.181519806;1.142332828
0.151075538;0.215943964;3.665615393;0.151075538;0.414283655;3.669379601;1.185445121;1.146127953
0.151575788;0.215538299;3.665851797;0.151575788;0.413258151;3.669651191;1.189370436;1.149923079
0.152076038;0.215171375;3.666123376;0.152076038;0.412231334;3.669924222;1.193295751;1.153718205
0.152576288;0.214800389;3.666383027;0.152576288;0.411204973;3.67020006;1.197221066;1.15751333
0.153076538;0.214441735;3.666650213;0.153076538;0.410172203;3.67047295;1.201146381;1.161308456
0.153576788;0.214090226;3.666916104;0.153576788;0.409139409;3.670748826;1.205071696;1.165103582
0.154077039;0.21374727;3.667183102;0.154077039;0.408106506;3.671026696;1.208997011;1.168898707
0.154577289;0.213409479;3.667449845;0.154577289;0.407069667;3.671303852;1.212922326;1.172693833
0.155077539;0.213081253;3.667714451;0.155077539;0.406033421;3.671585118;1.216847641;1.176488959
0.155577789;0.212776004;3.667994079;0.155577789;0.404997201;3.671865086;1.220772956;1.180284084
0.156078039;0.212474651;3.66826648;0.156078039;0.403960911;3.6721471;1.224698271;1.18407921
0.156578289;0.212179968;3.668538979;0.156578289;0.402919045;3.672422356;1.228623585;1.187874336
0.157078539;0.211893703;3.668808649;0.157078539;0.401881124;3.672705824;1.2325489;1.191669461
0.157578789;0.211621461;3.669083151;0.157578789;0.400839629;3.672984782;1.236474215;1.195464587
0.15807904;0.211359341;3.669359518;0.15807904;0.399801825;3.673269338;1.24039953;1.199259713
0.15857929;0.211105445;3.669631617;0.15857929;0.39875547;3.673548693;1.244324845;1.203054838
0.15907954;0.210867221;3.669910035;0.15907954;0.39771221;3.673834275;1.24825016;1.206849964
0.15957979;0.210637834;3.670186392;0.15957979;0.396667049;3.674116599;1.252175475;1.21064509
0.16008004;0.210416888;3.670462444;0.16008004;0.395623508;3.674401251;1.25610079;1.214440215
0.16058029;0.210206848;3.670739915;0.16058029;0.394575572;3.674684209;1.260026105;1.218235341
0.16108054;0.210006956;3.671017466;0.16108054;0.393529654;3.674971667;1.26395142;1.222030467
0.16158079;0.209820996;3.671298511;0.16158079;0.392483924;3.675258071;1.267876735;1.225825592
0.162081041;0.20963987;3.671575634;0.162081041;0.391439851;3.675546959;1.27180205;1.229620718
0.162581291;0.209470729;3.671855833;0.162581291;0.390393817;3.675832712;1.275727365;1.233415844
0.163081541;0.209311182;3.672137794;0.163081541;0.38935041;3.676122476;1.27965268;1.237210969
0.163581791;0.209159561;3.672417533;0.163581791;0.388305981;3.676410628;1.283577995;1.241006095
0.164082041;0.209018782;3.672700953;0.164082041;0.387264318;3.676699905;1.28750331;1.244801221
0.164582291;0.208886011;3.672984611;0.164582291;0.386225152;3.676991982;1.291428625;1.248596347
0.165082541;0.208758199;3.673266391;0.165082541;0.385183247;3.677280153;1.29535394;1.252391472
0.165582791;0.208641737;3.673553367;0.165582791;0.384144332;3.677567876;1.299279255;1.256186598
0.166083042;0.208527732;3.673834886;0.166083042;0.383105508;3.677857329;1.30320457;1.259981724
0.166583292;0.208424966;3.674120387;0.166583292;0.382072284;3.678151405;1.307129885;1.263776849
0.167083542;0.208324195;3.674403841;0.167083542;0.381038566;3.67844613;1.3110552;1.267571975
0.167583792;0.208230275;3.674691907;0.167583792;0.380005282;3.678737597;1.314980515;1.271367101
0.168084042;0.208142284;3.674981665;0.168084042;0.37897445;3.679030579;1.31890583;1.275162226
0.168584292;0.208052351;3.675264503;0.168584292;0.377945325;3.679322909;1.322831145;1.278957352
0.169084542;0.207970143;3.675551862;0.169084542;0.376921885;3.679620764;1.32675646;1.282752478
0.169584792;0.207887733;3.675841959;0.169584792;0.375896344;3.679912798;1.330681775;1.286547603
0.170085043;0.207807872;3.676130418;0.170085043;0.374874716;3.6802055;1.33460709;1.290342729
0.170585293;0.207731939;3.676422023;0.170585293;0.373857421;3.680500413;1.338532405;1.294137855
0.171085543;0.20765681;3.67671344;0.171085543;0.372842046;3.680797594;1.34245772;1.29793298
0.171585793;0.207578402;3.677002752;0.171585793;0.371826886;3.681092745;1.346383035;1.301728106
0.172086043;0.207504927;3.677294839;0.172086043;0.370814195;3.681389189;1.35030835;1.305523232
0.172586293;0.207431992;3.677586364;0.172586293;0.36980909;3.68168809;1.354233665;1.309318357
0.173086543;0.207357532;3.677875662;0.173086543;0.368803748;3.681983639;1.358158979;1.313113483
0.173586793;0.20727738;3.678159623;0.173586793;0.367802615;3.682283334;1.362084294;1.316908609
0.174087044;0.207211045;3.678459171;0.174087044;0.366804546;3.682580538;1.366009609;1.320703734
0.174587294;0.207142577;3.678756905;0.174587294;0.365809122;3.682880557;1.369934924;1.32449886
0.175087544;0.207072077;3.679051834;0.175087544;0.364815676;3.683176697;1.373860239;1.328293986
0.175587794;0.206999623;3.679345763;0.175587794;0.363828902;3.683477984;1.377785554;1.332089111
0.176088044;0.206928642;3.679641595;0.176088044;0.362841285;3.683777783;1.381710869;1.335884237
0.176588294;0.206859616;3.679940675;0.176588294;0.361860059;3.684079637;1.385636184;1.339679363
0.177088544;0.206788477;3.680239683;0.177088544;0.360882316;3.684378544;1.389561499;1.343474488
0.177588794;0.206715578;3.68053628;0.177588794;0.359907533;3.684678824;1.393486814;1.347269614
0.178089045;0.206645733;3.680837172;0.178089045;0.358935674;3.684980645;1.397412129;1.35106474
0.178589295;0.206572822;3.681135204;0.178589295;0.357968974;3.685283291;1.401337444;1.354859865
0.179089545;0.206499873;3.681434167;0.179089545;0.357008787;3.685587931;1.405262759;1.358654991
0.179589795;0.206429335;3.681737596;0.179589795;0.356044727;3.685885047;1.409188074;1.362450117
0.180090045;0.206355304;3.682034752;0.180090045;0.355090302;3.686188224;1.413113389;1.366245242
0.180590295;0.20628072;3.682334052;0.180590295;0.354139535;3.686494159;1.417038704;1.370040368
0.181090545;0.206205802;3.682637321;0.181090545;0.353192812;3.686796781;1.420964019;1.373835494
0.181590795;0.20613169;3.682941711;0.181590795;0.352246497;3.687095999;1.424889334;1.377630619
0.182091046;0.206053164;3.683242385;0.182091046;0.351308682;3.6874013;1.428814649;1.381425745
0.182591296;0.20597342;3.683544358;0.182591296;0.350372587;3.68770395;1.432739964;1.385220871
0.183091546;0.20589138;3.683843348;0.183091546;0.349444761;3.688009135;1.436665279;1.389015996
0.183591796;0.205814795;3.684150725;0.183591796;0.348518048;3.688313698;1.440590594;1.392811122
0.184092046;0.205733239;3.684456844;0.184092046;0.347597865;3.68862034;1.444515909;1.396606248
0.184592296;0.205650839;3.684760417;0.184592296;0.346678815;3.688921414;1.448441224;1.400401373
0.185092546;0.205569936;3.685065357;0.185092546;0.345770771;3.689230435;1.452366539;1.404196499
0.185592796;0.205489013;3.685373249;0.185592796;0.344864122;3.68953605;1.456291854;1.407991625
0.186093047;0.205405984;3.685679596;0.186093047;0.343963389;3.689841309;1.460217169;1.41178675
0.186593297;0.205316984;3.68598326;0.186593297;0.343064321;3.690146249;1.464142484;1.415581876
0.187093547;0.205229664;3.686288342;0.187093547;0.342171173;3.690452339;1.468067799;1.419377002
0.187593797;0.205144618;3.686597537;0.187593797;0.341280309;3.690756234;1.471993114;1.423172127
0.188094047;0.205056192;3.686903559;0.188094047;0.340394364;3.691064107;1.475918429;1.426967253
0.188594297;0.204966398;3.687210716;0.188594297;0.339515818;3.691371712;1.479843744;1.430762379
0.189094547;0.204875119;3.687520671;0.189094547;0.338637315;3.691676989;1.483769059;1.434557504
0.189594797;0.204783298;3.6878301;0.189594797;0.337768582;3.69198641;1.487694373;1.43835263
0.190095048;0.204687432;3.688137521;0.190095048;0.336899433;3.692291811;1.491619688;1.442147756
0.190595298;0.204591782;3.688445532;0.190595298;0.336037365;3.692600094;1.495545003;1.445942882
0.191095548;0.204494385;3.688754001;0.191095548;0.335174422;3.692902608;1.499470318;1.449738007
0.191595798;0.204394627;3.689063822;0.191595798;0.334321509;3.693213402;1.503395633;1.453533133
0.192096048;0.204292528;3.689370826;0.192096048;0.333470001;3.693519313;1.507320948;1.457328259
0.192596298;0.204194348;3.689686496;0.192596298;0.332624396;3.693827259;1.511246263;1.461123384
0.193096548;0.204091157;3.689998588;0.193096548;0.331782574;3.694135008;1.515171578;1.46491851
0.193596798;0.203983439;3.69030702;0.193596798;0.33094375;3.694443266;1.519096893;1.468713636
0.194097049;0.203879118;3.690620204;0.194097049;0.33011067;3.694752744;1.523022208;1.472508761
0.194597299;0.203770373;3.690932935;0.194597299;0.329281331;3.695059519;1.526947523;1.476303887
0.195097549;0.203658437;3.691244431;0.195097549;0.328457101;3.695370065;1.530872838;1.480099013
0.195597799;0.203545511;3.691555071;0.195597799;0.32763946;3.695681845;1.534798153;1.483894138
0.196098049;0.203430439;3.691867406;0.196098049;0.326823768;3.695992363;1.538723468;1.487689264
0.196598299;0.203316141;3.692183173;0.196598299;0.326007993;3.696298316;1.542648783;1.49148439
0.197098549;0.203196578;3.692495536;0.197098549;0.325202917;3.696609965;1.546574098;1.495279515
0.197598799;0.203075472;3.692811039;0.197598799;0.324394943;3.696914304;1.550499413;1.499074641
0.19809905;0.202953587;3.693127206;0.19809905;0.323597679;3.697224391;1.554424728;1.502869767
0.1985993;0.202826218;3.693439956;0.1985993;0.322802764;3.697535257;1.558350043;1.506664892
0.19909955;0.202696628;3.693752126;0.19909955;0.322013144;3.697845793;1.562275358;1.510460018
0.1995998;0.202565821;3.694067287;0.1995998;0.321226141;3.698155204;1.566200673;1.514255144
0.20010005;0.202431998;3.694381419;0.20010005;0.320439655;3.698461142;1.570125988;1.518050269
0.2006003;0.202298605;3.694698838;0.2006003;0.31966089;3.698770589;1.574051303;1.521845395
0.20110055;0.202157223;3.695010308;0.20110055;0.318884443;3.699079828;1.577976618;1.525640521
0.2016008;0.202018637;3.695329466;0.2016008;0.318113617;3.699391921;1.581901933;1.529435646
0.202101051;0.201872315;3.695645165;0.202101051;0.31734458;3.699699132;1.585827248;1.533230772
0.202601301;0.201723038;3.695959862;0.202601301;0.316576201;3.7000079;1.589752563;1.537025898
0.203101551;0.201574633;3.696279762;0.203101551;0.315814756;3.700318798;1.593677878;1.540821023
0.203601801;0.201419728;3.696598377;0.203601801;0.315052962;3.70062325;1.597603193;1.544616149
0.204102051;0.20125985;3.6969137;0.204102051;0.314298801;3.7009364;1.601528508;1.548411275
0.204602301;0.20109593;3.697229736;0.204602301;0.313546671;3.701245938;1.605453823;1.5522064
0.205102551;0.200932774;3.697550339;0.205102551;0.312799125;3.701556442;1.609379138;1.556001526
0.205602801;0.200766026;3.697867029;0.205602801;0.312048926;3.701861304;1.613304453;1.559796652
0.206103052;0.200596575;3.698184787;0.206103052;0.311307739;3.702173055;1.617229767;1.563591777
0.206603302;0.200426625;3.698505519;0.206603302;0.310568338;3.702483044;1.621155082;1.567386903
0.207103552;0.200250714;3.698823913;0.207103552;0.309832589;3.70279209;1.625080397;1.571182029
0.207603802;0.200071734;3.699142762;0.207603802;0.3091007;3.70310255;1.629005712;1.574977154
0.208104052;0.199884742;3.69945538;0.208104052;0.308372459;3.703412358;1.632931027;1.57877228
0.208604302;0.199700193;3.699775356;0.208604302;0.307646163;3.703722787;1.636856342;1.582567406
0.209104552;0.199512734;3.700096334;0.209104552;0.306923544;3.704033035;1.640781657;1.586362531
0.209604802;0.199317562;3.700415122;0.209604802;0.30619924;3.70433789;1.644706972;1.590157657
0.210105053;0.199123763;3.700736906;0.210105053;0.305484393;3.704650375;1.648632287;1.593952783
0.210605303;0.19892048;3.70105186;0.210605303;0.304767528;3.704957491;1.652557602;1.597747908
0.211105553;0.19871455;3.701371058;0.211105553;0.304059193;3.705267266;1.656482917;1.601543034
0.211605803;0.19850887;3.701693844;0.211605803;0.30334964;3.705574195;1.660408232;1.60533816
0.212106053;0.19828279;3.701998029;0.212106053;0.302647617;3.705887062;1.664333547;1.609133285
0.212606303;0.198078148;3.702330109;0.212606303;0.301942619;3.706192956;1.668258862;1.612928411
0.213106553;0.197858065;3.702650387;0.213106553;0.301242089;3.706501042;1.672184177;1.616723537
0.213606803;0.197630016;3.702966821;0.213606803;0.300545406;3.706809302;1.676109492;1.620518662
0.214107054;0.197402361;3.703291384;0.214107054;0.299850721;3.707117335;1.680034807;1.624313788
0.214607304;0.197168457;3.703612157;0.214607304;0.299156728;3.707426261;1.683960122;1.628108914
0.215107554;0.196928181;3.703931029;0.215107554;0.298465095;3.707732164;1.687885437;1.63190404
0.215607804;0.196682743;3.704251169;0.215607804;0.297777152;3.708041362;1.691810752;1.635699165
0.216108054;0.196433802;3.704569598;0.216108054;0.297091273;3.708348943;1.695736067;1.639494291
0.216608304;0.196179627;3.704890257;0.216608304;0.296409764;3.708660558;1.699661382;1.643289417
0.217108554;0.195924479;3.705212356;0.217108554;0.29573053;3.708969129;1.703586697;1.647084542
0.217608804;0.195659475;3.705530191;0.217608804;0.29505291;3.709278108;1.707512012;1.650879668
0.218109055;0.195393065;3.705852386;0.218109055;0.294373551;3.709579926;1.711437327;1.654674794
0.218609305;0.195120363;3.706170961;0.218609305;0.293703942;3.709892293;1.715362642;1.658469919
0.219109555;0.194844763;3.706492201;0.219109555;0.293030729;3.710197667;1.719287957;1.662265045
0.219609805;0.194565898;3.706814972;0.219609805;0.292359413;3.710503778;1.723213272;1.666060171
0.220110055;0.194278708;3.707135903;0.220110055;0.291694738;3.710813621;1.727138587;1.669855296
0.220610305;0.193992369;3.707458717;0.220610305;0.291027608;3.711119298;1.731063902;1.673650422
0.221110555;0.193692142;3.707775381;0.221110555;0.290362652;3.711426446;1.734989217;1.677445548
0.221610805;0.193398552;3.708100074;0.221610805;0.289702223;3.711734561;1.738914532;1.681240673
0.222111056;0.193097804;3.708424791;0.222111056;0.289041331;3.712041825;1.742839847;1.685035799
0.222611306;0.192789896;3.7087412;0.222611306;0.288381954;3.712347435;1.746765161;1.688830925
0.223111556;0.192482229;3.709066237;0.223111556;0.287725969;3.712654514;1.750690476;1.69262605
0.223611806;0.192164796;3.709381874;0.223611806;0.28707047;3.712960388;1.754615791;1.696421176
0.224112056;0.19185359;3.709706609;0.224112056;0.286417837;3.713265208;1.758541106;1.700216302
0.224612306;0.191534582;3.710027353;0.224612306;0.285767687;3.713572017;1.762466421;1.704011427
0.225112556;0.19120864;3.710344886;0.225112556;0.285118586;3.713877326;1.766391736;1.707806553
0.225612806;0.190885962;3.710668884;0.225612806;0.284467665;3.714179161;1.770317051;1.711601679
0.226113057;0.190558449;3.710988594;0.226113057;0.283824979;3.71448724;1.774242366;1.715396804
0.226613307;0.190230592;3.711309508;0.226613307;0.283179764;3.714794203;1.778167681;1.71919193
0.227113557;0.189896151;3.711630579;0.227113557;0.282537711;3.715099279;1.782092996;1.722987056
0.227613807;0.189559719;3.711954054;0.227613807;0.2818977;3.715404308;1.786018311;1.726782181
0.228114057;0.189221786;3.712275636;0.228114057;0.281258091;3.715708174;1.789943626;1.730577307
0.228614307;0.188883338;3.712599401;0.228614307;0.280621341;3.716014153;1.793868941;1.734372433
0.229114557;0.188543342;3.712922802;0.229114557;0.279985351;3.716318637;1.797794256;1.738167558
0.229614807;0.188193404;3.713238458;0.229614807;0.279352038;3.716624169;1.801719571;1.741962684
0.230115058;0.187847623;3.713560515;0.230115058;0.278718181;3.716928654;1.805644886;1.74575781
0.230615308;0.187500215;3.7138814;0.230615308;0.278084038;3.717230811;1.809570201;1.749552935
0.231115558;0.18715171;3.714202313;0.231115558;0.277456099;3.717539267;1.813495516;1.753348061
0.231615808;0.186805064;3.714524457;0.231615808;0.276828698;3.717842918;1.817420831;1.757143187
0.232116058;0.186454693;3.714841852;0.232116058;0.276198974;3.718143642;1.821346146;1.760938312
0.232616308;0.18610724;3.715165315;0.232616308;0.275573001;3.718445166;1.825271461;1.764733438
0.233116558;0.185756889;3.71548368;0.233116558;0.274948873;3.718749145;1.829196776;1.768528564
0.233616808;0.185406195;3.71580635;0.233616808;0.274326043;3.71905009;1.833122091;1.772323689
0.234117059;0.18505553;3.716123499;0.234117059;0.273706271;3.719355164;1.837047406;1.776118815
0.234617309;0.184703793;3.71644169;0.234617309;0.273084017;3.71965664;1.840972721;1.779913941
0.235117559;0.184353704;3.716760848;0.235117559;0.272466598;3.719956642;1.844898036;1.783709066
0.235617809;0.184006015;3.717081696;0.235617809;0.271848013;3.72025754;1.848823351;1.787504192
0.236118059;0.183655085;3.717400871;0.236118059;0.271236737;3.720561872;1.852748666;1.791299318
0.236618309;0.18330814;3.71772129;0.236618309;0.270623718;3.720860559;1.856673981;1.795094443
0.237118559;0.18295947;3.718040544;0.237118559;0.270010679;3.721159637;1.860599296;1.798889569
0.237618809;0.182609612;3.718353584;0.237618809;0.269404588;3.721461977;1.864524611;1.802684695
0.23811906;0.182263936;3.718674648;0.23811906;0.268799848;3.721764884;1.868449926;1.80647982
0.23861931;0.181921814;3.71899764;0.23861931;0.268195662;3.72206184;1.872375241;1.810274946
0.23911956;0.181574794;3.719314382;0.23911956;0.267600923;3.722365548;1.876300555;1.814070072
0.23961981;0.18123013;3.719631874;0.23961981;0.267003379;3.722662296;1.88022587;1.817865197
0.24012006;0.180891054;3.719951455;0.24012006;0.266409868;3.722959009;1.884151185;1.821660323
0.24062031;0.180550611;3.720267847;0.24062031;0.2658222;3.723259488;1.8880765;1.825455449
0.24112056;0.180211742;3.720586151;0.24112056;0.265237058;3.723556117;1.892001815;1.829250575
0.24162081;0.179877082;3.720903445;0.24162081;0.264655532;3.72385385;1.89592713;1.8330457
0.242121061;0.179542772;3.721222984;0.242121061;0.264079252;3.724154275;1.899852445;1.836840826
0.242621311;0.179209593;3.721540018;0.242621311;0.263509153;3.724451726;1.90377776;1.840635952
0.243121561;0.178878573;3.72185444;0.243121561;0.262939436;3.724743669;1.907703075;1.844431077
0.243621811;0.17855245;3.722172529;0.243621811;0.262376844;3.725038973;1.91162839;1.848226203
0.244122061;0.17822772;3.722489509;0.244122061;0.261821007;3.725337706;1.915553705;1.852021329
0.244622311;0.17790407;3.722804805;0.244622311;0.261266918;3.725630725;1.91947902;1.855816454
0.245122561;0.177584617;3.723121963;0.245122561;0.260721776;3.725928668;1.923404335;1.85961158
0.245622811;0.177268014;3.72343797;0.245622811;0.260178797;3.726222958;1.92732965;1.863406706
0.246123062;0.176950504;3.723751085;0.246123062;0.259639369;3.726511572;1.931254965;1.867201831
0.246623312;0.176637365;3.724064913;0.246623312;0.259106254;3.726804114;1.93518028;1.870996957
0.247123562;0.176328298;3.72438116;0.247123562;0.258578068;3.727098012;1.939105595;1.874792083
0.247623812;0.176021355;3.724696632;0.247623812;0.25805061;3.72738817;1.94303091;1.878587208
0.248124062;0.175718424;3.725012184;0.248124062;0.257526261;3.727678484;1.946956225;1.882382334
0.248624312;0.175416547;3.725328143;0.248624312;0.257003661;3.727971012;1.95088154;1.88617746
0.249124562;0.175113452;3.725641626;0.249124562;0.256477978;3.728259808;1.954806855;1.889972585
0.249624812;0.174813718;3.725953429;0.249624812;0.255948622;3.728550975;1.95873217;1.893767711
0.250125063;0.1745175;3.726269615;0.250125063;0.255412846;3.728838303;1.962657485;1.897562837
0.250625313;0.174224796;3.726585176;0.250625313;0.254870626;3.729128886;1.9665828;1.901357962
0.251125563;0.173935075;3.726901102;0.251125563;0.254315624;3.729417392;1.970508115;1.905153088
0.251625813;0.173648595;3.72721836;0.251625813;0.253746339;3.729706293;1.97443343;1.908948214
0.252126063;0.173362366;3.727533101;0.252126063;0.253154627;3.729993373;1.978358745;1.912743339
0.252626313;0.173075613;3.727843639;0.252626313;0.252544899;3.730286199;1.98228406;1.916538465
0.253126563;0.172794853;3.728159817;0.253126563;0.25190447;3.730576117;1.986209375;1.920333591
0.253626813;0.172514378;3.728473581;0.253626813;0.25123725;3.730868277;1.99013469;1.924128716
0.254127064;0.172231578;3.728784357;0.254127064;0.250536359;3.731162169;1.994060005;1.927923842
0.254627314;0.171956262;3.729098941;0.254627314;0.249806202;3.731462166;1.99798532;1.931718968
0.255127564;0.171681108;3.729412295;0.255127564;0.249037184;3.73175863;2.001910635;1.935514093
0.255627814;0.17140904;3.72972391;0.255627814;0.248234117;3.732059136;2.005835949;1.939309219
0.256128064;0.17113699;3.730037623;0.256128064;0.247393639;3.732359676;2.009761264;1.943104345
0.256628314;0.170864627;3.730349362;0.256628314;0.246531063;3.732666777;2.013686579;1.94689947
0.257128564;0.170586975;3.730654716;0.257128564;0.245641083;3.732976946;2.017611894;1.950694596
0.257628814;0.170320007;3.730969565;0.257628814;0.244728606;3.733284911;2.021537209;1.954489722
0.258129065;0.170050173;3.731280702;0.258129065;0.243802944;3.733596854;2.025462524;1.958284847
0.258629315;0.169784238;3.731597842;0.258629315;0.242870422;3.733908838;2.029387839;1.962079973
0.259129565;0.169510934;3.731907664;0.259129565;0.241941583;3.734225879;2.033313154;1.965875099
0.259629815;0.169241485;3.732220308;0.259629815;0.241023758;3.73454503;2.037238469;1.969670224
0.260130065;0.168970628;3.732530935;0.260130065;0.240119362;3.734862197;2.041163784;1.97346535
0.260630315;0.168701963;3.732843619;0.260630315;0.239237429;3.735179562;2.045089099;1.977260476
0.261130565;0.168431121;3.733151665;0.261130565;0.238387121;3.735499587;2.049014414;1.981055601
0.261630815;0.168158518;3.733462779;0.261630815;0.237568277;3.735820172;2.052939729;1.984850727
0.262131066;0.167885934;3.733775749;0.262131066;0.236784178;3.73613753;2.056865044;1.988645853
0.262631316;0.167612481;3.734087025;0.262631316;0.236036681;3.736453239;2.060790359;1.992440978
0.263131566;0.167340748;3.73439854;0.263131566;0.23533037;3.736774066;2.064715674;1.996236104
0.263631816;0.167064103;3.734708125;0.263631816;0.234662486;3.737092663;2.068640989;2.00003123
0.264132066;0.166785675;3.735016558;0.264132066;0.234029675;3.737406484;2.072566304;2.003826355
0.264632316;0.16650934;3.735324265;0.264632316;0.233433756;3.737724285;2.076491619;2.007621481
0.265132566;0.166227437;3.735627906;0.265132566;0.232870161;3.738038013;2.080416934;2.011416607
0.265632816;0.165950066;3.735939079;0.265632816;0.232339482;3.738351583;2.084342249;2.015211733
0.266133067;0.1656723;3.73625111;0.266133067;0.231839684;3.738661675;2.088267564;2.019006858
0.266633317;0.165385863;3.736553591;0.266633317;0.231364822;3.738971676;2.092192879;2.022801984
0.267133567;0.165108629;3.736864472;0.267133567;0.230921576;3.739280734;2.096118194;2.02659711
0.267633817;0.164828159;3.737175854;0.267633817;0.230496233;3.739585623;2.100043509;2.030392235
0.268134067;0.164544895;3.737482615;0.268134067;0.230094896;3.739890497;2.103968824;2.034187361
0.268634317;0.164261941;3.737790797;0.268634317;0.229716448;3.740196946;2.107894139;2.037982487
0.269134567;0.163981059;3.73809982;0.269134567;0.229359039;3.740503989;2.111819454;2.041777612
0.269634817;0.163695691;3.7384089;0.269634817;0.229014936;3.740806176;2.115744769;2.045572738
0.270135068;0.163410664;3.738714862;0.270135068;0.228689615;3.741109012;2.119670084;2.049367864
0.270635318;0.163126955;3.739022487;0.270635318;0.228379686;3.741408207;2.123595399;2.053162989
0.271135568;0.162845766;3.739332293;0.271135568;0.228084403;3.741711453;2.127520714;2.056958115
0.271635818;0.162562181;3.739639352;0.271635818;0.227805082;3.742016102;2.131446028;2.060753241
0.272136068;0.16227583;3.739942894;0.272136068;0.227535356;3.742316719;2.135371343;2.064548366
0.272636318;0.161995471;3.740254782;0.272636318;0.227275116;3.742612555;2.139296658;2.068343492
0.273136568;0.16171177;3.740559992;0.273136568;0.227028246;3.742910203;2.143221973;2.072138618
0.273636818;0.161427274;3.74086657;0.273636818;0.226790507;3.743208889;2.147147288;2.075933743
0.274137069;0.161143148;3.741172138;0.274137069;0.226562965;3.743504591;2.151072603;2.079728869
0.274637319;0.160860603;3.741478816;0.274637319;0.226344571;3.743801041;2.154997918;2.083523995
0.275137569;0.160574974;3.741784172;0.275137569;0.226133823;3.744096977;2.158923233;2.08731912
0.275637819;0.160290203;3.742090914;0.275637819;0.225930511;3.744391703;2.162848548;2.091114246
0.276138069;0.160008601;3.742398635;0.276138069;0.225731022;3.744683168;2.166773863;2.094909372
0.276638319;0.159724146;3.742703997;0.276638319;0.225543186;3.744978698;2.170699178;2.098704497
0.277138569;0.159435147;3.743007974;0.277138569;0.225359347;3.745271654;2.174624493;2.102499623
0.277638819;0.159152381;3.74331717;0.277638819;0.225183805;3.74556711;2.178549808;2.106294749
0.27813907;0.158867672;3.743623214;0.27813907;0.225012397;3.745859124;2.182475123;2.110089874
0.27863932;0.158586033;3.743930224;0.27863932;0.224848247;3.746153598;2.186400438;2.113885
0.27913957;0.158299598;3.744232467;0.27913957;0.22468248;3.746442195;2.190325753;2.117680126
0.27963982;0.158015993;3.744538724;0.27963982;0.224527183;3.746733858;2.194251068;2.121475251
0.28014007;0.157729099;3.744841368;0.28014007;0.224378853;3.747029408;2.198176383;2.125270377
0.28064032;0.15744489;3.745146821;0.28064032;0.224233244;3.747322545;2.202101698;2.129065503
0.28114057;0.157160117;3.745449892;0.28114057;0.224091222;3.747613701;2.206027013;2.132860628
0.28164082;0.15688155;3.74575617;0.28164082;0.223952236;3.747903824;2.209952328;2.136655754
0.282141071;0.156598203;3.746059553;0.282141071;0.223818495;3.748196848;2.213877643;2.14045088
0.282641321;0.15631783;3.746365686;0.282641321;0.223686567;3.748488112;2.217802958;2.144246005
0.283141571;0.156035775;3.746669454;0.283141571;0.223558724;3.748776394;2.221728273;2.148041131
0.283641821;0.155756101;3.746973216;0.283641821;0.223434027;3.749068006;2.225653588;2.151836257
0.284142071;0.155479571;3.747277202;0.284142071;0.22331091;3.749355756;2.229578903;2.155631382
0.284642321;0.155201192;3.747579573;0.284642321;0.223192177;3.749645857;2.233504218;2.159426508
0.285142571;0.154923732;3.747884824;0.285142571;0.223076882;3.749936004;2.237429533;2.163221634
0.285642821;0.154648133;3.748187821;0.285642821;0.222964068;3.750227366;2.241354848;2.167016759
0.286143072;0.154375936;3.748492379;0.286143072;0.222855921;3.75051932;2.245280163;2.170811885
0.286643322;0.154105835;3.748795973;0.286643322;0.222745614;3.750808623;2.249205478;2.174607011
0.287143572;0.153833187;3.749097196;0.287143572;0.222640102;3.751098105;2.253130793;2.178402136
0.287643822;0.153567887;3.749401129;0.287643822;0.222534814;3.751385446;2.257056108;2.182197262
0.288144072;0.153304005;3.749704727;0.288144072;0.222434281;3.751674183;2.260981422;2.185992388
0.288644322;0.153039397;3.750005602;0.288644322;0.222335084;3.751963456;2.264906737;2.189787513
0.289144572;0.152780412;3.750309017;0.289144572;0.222235301;3.752249353;2.268832052;2.193582639
0.289644822;0.152527534;3.750610982;0.289644822;0.22214034;3.752538181;2.272757367;2.197377765
0.290145073;0.152274962;3.750912902;0.290145073;0.222046333;3.752826806;2.276682682;2.20117289
0.290645323;0.152033151;3.751219654;0.290645323;0.221952641;3.753112925;2.280607997;2.204968016
0.291145573;0.151789057;3.751518167;0.291145573;0.221860523;3.75339978;2.284533312;2.208763142
0.291645823;0.151552932;3.751818915;0.291645823;0.221774847;3.753690483;2.288458627;2.212558268
0.292146073;0.15131846;3.752118627;0.292146073;0.2216841;3.753975105;2.292383942;2.216353393
0.292646323;0.151090726;3.752419334;0.292646323;0.221599381;3.754265243;2.296309257;2.220148519
0.293146573;0.150867107;3.752719616;0.293146573;0.221515231;3.754553874;2.300234572;2.223943645
0.293646823;0.150647128;3.753020806;0.293646823;0.221431783;3.754839696;2.304159887;2.22773877
0.294147074;0.150429284;3.75331903;0.294147074;0.221347816;3.755126887;2.308085202;2.231533896
0.294647324;0.150218667;3.753624413;0.294647324;0.221267618;3.755415786;2.312010517;2.235329022
0.295147574;0.15000753;3.753920844;0.295147574;0.221186708;3.755701729;2.315935832;2.239124147
0.295647824;0.149803544;3.754226296;0.295647824;0.22110667;3.75598609;2.319861147;2.242919273
0.296148074;0.14959867;3.754526203;0.296148074;0.221028172;3.756274239;2.323786462;2.246714399
0.296648324;0.149393775;3.754824253;0.296648324;0.220951474;3.756561404;2.327711777;2.250509524
0.297148574;0.149194476;3.755128483;0.297148574;0.220876779;3.756849811;2.331637092;2.25430465
0.297648824;0.148989807;3.755423246;0.297648824;0.220799328;3.757134548;2.335562407;2.258099776
0.298149075;0.148792562;3.755727277;0.298149075;0.220723627;3.757420104;2.339487722;2.261894901
0.298649325;0.148592701;3.756026541;0.298649325;0.220650837;3.757707963;2.343413037;2.265690027
0.299149575;0.148392477;3.756328108;0.299149575;0.220576222;3.757993332;2.347338352;2.269485153
0.299649825;0.148190952;3.756626216;0.299649825;0.220501071;3.758277726;2.351263667;2.273280278
0.300150075;0.147991614;3.756927327;0.300150075;0.220430193;3.758567309;2.355188982;2.277075404
0.300650325;0.147790527;3.757229588;0.300650325;0.220357404;3.758853416;2.359114297;2.28087053
0.301150575;0.147585513;3.757525208;0.301150575;0.220285789;3.759140853;2.363039612;2.284665655
0.301650825;0.147382359;3.757827859;0.301650825;0.220214298;3.759426154;2.366964927;2.288460781
0.302151076;0.147179781;3.7581283;0.302151076;0.22014492;3.759715757;2.370890242;2.292255907
0.302651326;0.146972881;3.758428496;0.302651326;0.220070624;3.759998956;2.374815557;2.296051032
0.303151576;0.146765558;3.758731093;0.303151576;0.220000285;3.760285447;2.378740872;2.299846158
0.303651826;0.146554485;3.759031203;0.303651826;0.219929761;3.760571933;2.382666187;2.303641284
0.304152076;0.146342075;3.759330558;0.304152076;0.219858334;3.760855804;2.386591502;2.307436409
0.304652326;0.146127668;3.759632308;0.304652326;0.219787174;3.761142515;2.390516816;2.311231535
0.305152576;0.145908341;3.759927804;0.305152576;0.219715755;3.761427335;2.394442131;2.315026661
0.305652826;0.145690672;3.760228273;0.305652826;0.219644873;3.761714007;2.398367446;2.318821786
0.306153077;0.145472374;3.76053226;0.306153077;0.219569366;3.761998175;2.402292761;2.322616912
0.306653327;0.145249416;3.760831081;0.306653327;0.219499329;3.76228769;2.406218076;2.326412038
0.307153577;0.145022702;3.761127306;0.307153577;0.219425962;3.762569818;2.410143391;2.330207163
0.307653827;0.144799048;3.761430719;0.307653827;0.219353381;3.762856351;2.414068706;2.334002289
0.308154077;0.144569994;3.761731477;0.308154077;0.219277756;3.763139611;2.417994021;2.337797415
0.308654327;0.144340664;3.762031163;0.308654327;0.219205435;3.763429483;2.421919336;2.34159254
0.309154577;0.144108234;3.762332385;0.309154577;0.219127872;3.763712749;2.425844651;2.345387666
0.309654827;0.143873651;3.762634086;0.309654827;0.219052333;3.763999014;2.429769966;2.349182792
0.310155078;0.143635807;3.762933749;0.310155078;0.218974597;3.764284745;2.433695281;2.352977917
0.310655328;0.143397253;3.763234652;0.310655328;0.218895324;3.764570161;2.437620596;2.356773043
0.311155578;0.143153898;3.763535553;0.311155578;0.218814539;3.764855361;2.441545911;2.360568169
0.311655828;0.142905048;3.763832183;0.311655828;0.218734964;3.765141604;2.445471226;2.364363294
0.312156078;0.142655887;3.764133867;0.312156078;0.218649635;3.765424262;2.449396541;2.36815842
0.312656328;0.142407539;3.764435328;0.312656328;0.218564812;3.765711718;2.453321856;2.371953546
0.313156578;0.142157881;3.76473603;0.313156578;0.218477482;3.765997212;2.457247171;2.375748671
0.313656828;0.141907573;3.765039172;0.313656828;0.218388835;3.76628197;2.461172486;2.379543797
0.314157079;0.141657055;3.765344106;0.314157079;0.21829814;3.766569045;2.465097801;2.383338923
0.314657329;0.141398826;3.765644022;0.314657329;0.218200382;3.766851276;2.469023116;2.387134048
0.315157579;0.141137663;3.765941809;0.315157579;0.218101466;3.767134818;2.472948431;2.390929174
0.315657829;0.140879245;3.766247722;0.315657829;0.218000137;3.767420888;2.476873746;2.3947243
0.316158079;0.140615674;3.766544351;0.316158079;0.217898102;3.767709502;2.480799061;2.398519426
0.316658329;0.140350397;3.766844441;0.316658329;0.217788907;3.767993677;2.484724376;2.402314551
0.317158579;0.140087085;3.767147615;0.317158579;0.217674462;3.768277877;2.488649691;2.406109677
0.317658829;0.13982166;3.767448243;0.317658829;0.217555954;3.7685636;2.492575006;2.409904803
0.31815908;0.139557771;3.767753059;0.31815908;0.217429638;3.768847077;2.496500321;2.413699928
0.31865933;0.139291047;3.768053632;0.31865933;0.217296346;3.769130535;2.500425636;2.417495054
0.31915958;0.13902428;3.768354665;0.31915958;0.217159545;3.76941954;2.504350951;2.42129018
0.31965983;0.138756447;3.768653427;0.31965983;0.217008324;3.769701587;2.508276266;2.425085305
0.32016008;0.138487899;3.768956692;0.32016008;0.216850938;3.769985295;2.512201581;2.428880431
0.32066033;0.138216487;3.769254908;0.32066033;0.21668233;3.770270932;2.516126896;2.432675557
0.32116058;0.13794973;3.769562483;0.32116058;0.216501313;3.770556397;2.52005221;2.436470682
0.32166083;0.137680955;3.769865658;0.32166083;0.216304335;3.770839981;2.523977525;2.440265808
0.322161081;0.137408473;3.770166151;0.322161081;0.21609942;3.771129008;2.52790284;2.444060934
0.322661331;0.137140543;3.77047044;0.322661331;0.215873482;3.771416999;2.531828155;2.447856059
0.323161581;0.136869909;3.770773595;0.323161581;0.215630907;3.771703835;2.53575347;2.451651185
0.323661831;0.136600158;3.771074978;0.323661831;0.215371357;3.771994946;2.539678785;2.455446311
0.324162081;0.136335421;3.771382236;0.324162081;0.215086269;3.772279362;2.5436041;2.459241436
0.324662331;0.136064863;3.771684622;0.324662331;0.214784682;3.772570368;2.547529415;2.463036562
0.325162581;0.135796149;3.771986507;0.325162581;0.214458232;3.772857876;2.55145473;2.466831688
0.325662831;0.135531953;3.772291696;0.325662831;0.214116641;3.773153026;2.555380045;2.470626813
0.326163082;0.135265484;3.772596687;0.326163082;0.213751375;3.773444614;2.55930536;2.474421939
0.326663332;0.134998816;3.772899826;0.326663332;0.213370344;3.773741164;2.563230675;2.478217065
0.327163582;0.134734288;3.7732027;0.327163582;0.212968057;3.774032435;2.56715599;2.48201219
0.327663832;0.134471968;3.773504008;0.327663832;0.212555131;3.774329821;2.571081305;2.485807316
0.328164082;0.134207802;3.773805167;0.328164082;0.212127488;3.774629704;2.57500662;2.489602442
0.328664332;0.133954074;3.774112605;0.328664332;0.211686731;3.774928081;2.578931935;2.493397567
0.329164582;0.1336989;3.774417171;0.329164582;0.211234815;3.775227729;2.58285725;2.497192693
0.329664832;0.133441257;3.774720837;0.329664832;0.210776597;3.775529209;2.586782565;2.500987819
0.330165083;0.133186977;3.775022818;0.330165083;0.210309652;3.775829385;2.59070788;2.504782944
0.330665333;0.132938306;3.775329281;0.330665333;0.209842654;3.776134132;2.594633195;2.50857807
0.331165583;0.132694992;3.775639042;0.331165583;0.209370747;3.776437847;2.59855851;2.512373196
0.331665833;0.13244911;3.775943032;0.331665833;0.208892584;3.776737947;2.602483825;2.516168321
0.332166083;0.132210203;3.776249612;0.332166083;0.208416765;3.777041868;2.60640914;2.519963447
0.332666333;0.131974992;3.776555692;0.332666333;0.207943819;3.777348847;2.610334455;2.523758573
0.333166583;0.131744811;3.776863482;0.333166583;0.207469894;3.777654858;2.61425977;2.527553698
0.333666833;0.131516766;3.777172753;0.333666833;0.20699925;3.777961342;2.618185085;2.531348824
0.334167084;0.131295192;3.777481283;0.334167084;0.206530669;3.778268509;2.6221104;2.53514395
0.334667334;0.131075737;3.77778606;0.334667334;0.206065041;3.778577474;2.626035715;2.538939075
0.335167584;0.130867434;3.778095808;0.335167584;0.205603217;3.778886757;2.62996103;2.542734201
0.335667834;0.130660323;3.778402749;0.335667834;0.205146053;3.779194941;2.633886345;2.546529327
0.336168084;0.130465654;3.778712048;0.336168084;0.204691673;3.7795033;2.63781166;2.550324452
0.336668334;0.130278074;3.779018178;0.336668334;0.204241165;3.779811487;2.641736975;2.554119578
0.337168584;0.13009485;3.779325958;0.337168584;0.203800004;3.780124351;2.64566229;2.557914704
0.337668834;0.129919721;3.779635308;0.337668834;0.203358065;3.780432284;2.649587604;2.561709829
0.338169085;0.129754675;3.77994695;0.338169085;0.202925198;3.780742085;2.653512919;2.565504955
0.338669335;0.129597277;3.780255813;0.338669335;0.202497778;3.781056013;2.657438234;2.569300081
0.339169585;0.129443942;3.780564576;0.339169585;0.202076555;3.781369714;2.661363549;2.573095206
0.339669835;0.129298925;3.780872306;0.339669835;0.201661013;3.781682219;2.665288864;2.576890332
0.340170085;0.129160213;3.781180436;0.340170085;0.201247539;3.78199355;2.669214179;2.580685458
0.340670335;0.12903256;3.781493634;0.340670335;0.200842427;3.782305239;2.673139494;2.584480583
0.341170585;0.128907484;3.781802823;0.341170585;0.200444187;3.782620341;2.677064809;2.588275709
0.341670835;0.128790305;3.782113125;0.341670835;0.200049377;3.782932918;2.680990124;2.592070835
0.342171086;0.128678786;3.782426892;0.342171086;0.199662594;3.783249802;2.684915439;2.595865961
0.342671336;0.128573283;3.782742725;0.342671336;0.199280162;3.783564109;2.688840754;2.599661086
0.343171586;0.128466533;3.783052332;0.343171586;0.198903454;3.783879548;2.692766069;2.603456212
0.343671836;0.128365422;3.783363028;0.343671836;0.198531598;3.784195027;2.696691384;2.607251338
0.344172086;0.128271278;3.783677384;0.344172086;0.198165355;3.784511116;2.700616699;2.611046463
0.344672336;0.128177444;3.783988136;0.344672336;0.197805884;3.784827229;2.704542014;2.614841589
0.345172586;0.128086651;3.784301744;0.345172586;0.197448493;3.785143301;2.708467329;2.618636715
0.345672836;0.12800273;3.784619234;0.345672836;0.197096195;3.785458172;2.712392644;2.62243184
0.346173087;0.127914073;3.784932853;0.346173087;0.196748613;3.785775682;2.716317959;2.626226966
0.346673337;0.127832549;3.785249943;0.346673337;0.196410163;3.786100313;2.720243274;2.630022092
0.347173587;0.127749285;3.785565338;0.347173587;0.196068885;3.786415378;2.724168589;2.633817217
0.347673837;0.127668852;3.785882209;0.347673837;0.195729646;3.786731124;2.728093904;2.637612343
0.348174087;0.127591018;3.786201288;0.348174087;0.195398008;3.787052014;2.732019219;2.641407469
0.348674337;0.127511691;3.786518778;0.348674337;0.195067263;3.787370795;2.735944534;2.645202594
0.349174587;0.127432537;3.786835356;0.349174587;0.194742201;3.787694453;2.739869849;2.64899772
0.349674837;0.127353804;3.787156533;0.349674837;0.194416506;3.788015396;2.743795164;2.652792846
0.350175088;0.127274659;3.787477669;0.350175088;0.19409339;3.788334636;2.747720479;2.656587971
0.350675338;0.127196425;3.787796746;0.350675338;0.193772583;3.788659069;2.751645794;2.660383097
0.351175588;0.127115191;3.788116623;0.351175588;0.19345187;3.78898154;2.755571109;2.664178223
0.351675838;0.127033655;3.788432909;0.351675838;0.193130335;3.789301814;2.759496424;2.667973348
0.352176088;0.12695384;3.788754724;0.352176088;0.192808924;3.789625896;2.763421739;2.671768474
0.352676338;0.126871779;3.789076433;0.352676338;0.192485625;3.78994938;2.767347054;2.6755636
0.353176588;0.126792223;3.789399713;0.353176588;0.192165692;3.79027411;2.771272369;2.679358725
0.353676838;0.126712719;3.789723834;0.353676838;0.191845167;3.790602005;2.775197684;2.683153851
0.354177089;0.126631477;3.790046092;0.354177089;0.191520156;3.79092965;2.779122998;2.686948977
0.354677339;0.126548382;3.790368715;0.354677339;0.191195141;3.791259181;2.783048313;2.690744102
0.355177589;0.126465446;3.790693058;0.355177589;0.190865848;3.791584625;2.786973628;2.694539228
0.355677839;0.12638049;3.791016491;0.355677839;0.190533792;3.791915637;2.790898943;2.698334354
0.356178089;0.126298665;3.791344672;0.356178089;0.190198526;3.792245624;2.794824258;2.702129479
0.356678339;0.126213923;3.791671384;0.356678339;0.189858784;3.792576339;2.798749573;2.705924605
0.357178589;0.126129572;3.791998508;0.357178589;0.189515457;3.792907295;2.802674888;2.709719731
0.357678839;0.126044925;3.792326888;0.357678839;0.189167235;3.793238807;2.806600203;2.713514856
0.35817909;0.125957321;3.792655525;0.35817909;0.188809706;3.793568731;2.810525518;2.717309982
0.35867934;0.12586434;3.792982459;0.35867934;0.188454945;3.793906421;2.814450833;2.721105108
0.35917959;0.125774981;3.793311665;0.35917959;0.188090551;3.79423981;2.818376148;2.724900233
0.35967984;0.125683313;3.793640144;0.35967984;0.187722904;3.794575413;2.822301463;2.728695359
0.36018009;0.125593497;3.793971097;0.36018009;0.187350387;3.794915513;2.826226778;2.732490485
0.36068034;0.12550039;3.79430086;0.36068034;0.186972429;3.79525361;2.830152093;2.73628561
0.36118059;0.125407533;3.794631371;0.36118059;0.186589801;3.795592712;2.834077408;2.740080736
0.36168084;0.125314833;3.794966346;0.36168084;0.186203084;3.795933415;2.838002723;2.743875862
0.362181091;0.12521987;3.795297612;0.362181091;0.185815271;3.796275106;2.841928038;2.747670987
0.362681341;0.125123412;3.795631915;0.362681341;0.185422237;3.7966179;2.845853353;2.751466113
0.363181591;0.125026287;3.795965823;0.363181591;0.185028581;3.796958416;2.849778668;2.755261239
0.363681841;0.124932135;3.796303576;0.363681841;0.184638274;3.797306697;2.853703983;2.759056364
0.364182091;0.124832254;3.796637921;0.364182091;0.184244138;3.797653481;2.857629298;2.76285149
0.364682341;0.124739435;3.79697915;0.364682341;0.183848811;3.797998541;2.861554613;2.766646616
0.365182591;0.12463896;3.797314233;0.365182591;0.183453832;3.798345835;2.865479928;2.770441741
0.365682841;0.124538452;3.797648691;0.365682841;0.183062212;3.798693637;2.869405243;2.774236867
0.366183092;0.124440919;3.797987821;0.366183092;0.182672656;3.799045841;2.873330558;2.778031993
0.366683342;0.124342143;3.798325908;0.366683342;0.182284478;3.799392776;2.877255873;2.781827119
0.367183592;0.124241831;3.79866605;0.367183592;0.181901393;3.7997451;2.881181188;2.785622244
0.367683842;0.124142804;3.799005717;0.367683842;0.181521912;3.800096475;2.885106503;2.78941737
0.368184092;0.124045532;3.799346448;0.368184092;0.181145844;3.800451337;2.889031818;2.793212496
0.368684342;0.123949631;3.799689016;0.368684342;0.180773629;3.800804816;2.892957133;2.797007621
0.369184592;0.123852591;3.800029687;0.369184592;0.180407006;3.801164548;2.896882448;2.800802747
0.369684842;0.123759576;3.800375311;0.369684842;0.180041521;3.80151688;2.900807763;2.804597873
0.370185093;0.123664378;3.800717696;0.370185093;0.179681739;3.801874558;2.904733078;2.808392998
0.370685343;0.123570809;3.801061343;0.370685343;0.179324968;3.802230502;2.908658392;2.812188124
0.371185593;0.123478747;3.80140608;0.371185593;0.178973291;3.802587497;2.912583707;2.81598325
0.371685843;0.123389046;3.801752821;0.371685843;0.178624878;3.802944524;2.916509022;2.819778375
0.372186093;0.123302319;3.80209846;0.372186093;0.178287536;3.803310002;2.920434337;2.823573501
0.372686343;0.12321233;3.802442657;0.372686343;0.177950096;3.803672001;2.924359652;2.827368627
0.373186593;0.123130675;3.802792787;0.373186593;0.177619387;3.804034753;2.928284967;2.831163752
0.373686843;0.123048094;3.803139696;0.373686843;0.17729212;3.804397512;2.932210282;2.834958878
0.374187094;0.122968532;3.803490898;0.374187094;0.176967157;3.80475995;2.936135597;2.838754004
0.374687344;0.122888985;3.803841221;0.374687344;0.176648213;3.805123591;2.940060912;2.842549129
0.375187594;0.122812609;3.804190038;0.375187594;0.176334018;3.805487911;2.943986227;2.846344255
0.375687844;0.122739062;3.804541839;0.375687844;0.176024795;3.805853354;2.947911542;2.850139381
0.376188094;0.122670997;3.804896326;0.376188094;0.175720169;3.806220444;2.951836857;2.853934506
0.376688344;0.122602783;3.805250231;0.376688344;0.175421015;3.806589072;2.955762172;2.857729632
0.377188594;0.122535553;3.805604268;0.377188594;0.175122313;3.806954984;2.959687487;2.861524758
0.377688844;0.122472036;3.805961106;0.377688844;0.1748295;3.807321754;2.963612802;2.865319883
0.378189095;0.122405275;3.806312873;0.378189095;0.174546385;3.807695119;2.967538117;2.869115009
0.378689345;0.12234941;3.806675613;0.378689345;0.174262397;3.808062947;2.971463432;2.872910135
0.379189595;0.122291926;3.807033055;0.379189595;0.173984126;3.808434874;2.975388747;2.87670526
0.379689845;0.12223334;3.807389506;0.379689845;0.173709235;3.808806515;2.979314062;2.880500386
0.380190095;0.122180044;3.807751256;0.380190095;0.17344016;3.809179853;2.983239377;2.884295512
0.380690345;0.122125344;3.808107105;0.380690345;0.173174048;3.809553727;2.987164692;2.888090637
0.381190595;0.122075685;3.808470109;0.381190595;0.172909405;3.809924642;2.991090007;2.891885763
0.381690845;0.122028033;3.808832981;0.381690845;0.172655263;3.810303088;2.995015322;2.895680889
0.382191096;0.121979192;3.809195123;0.382191096;0.172399195;3.810678011;2.998940637;2.899476014
0.382691346;0.121931276;3.809554701;0.382691346;0.172150826;3.811055628;3.002865952;2.90327114
0.383191596;0.121889128;3.809922913;0.383191596;0.17190612;3.811435161;3.006791267;2.907066266
0.383691846;0.121846086;3.810285994;0.383691846;0.171662848;3.811815251;3.010716582;2.910861391
0.384192096;0.121806038;3.810652694;0.384192096;0.171426033;3.812195052;3.014641897;2.914656517
0.384692346;0.121767563;3.811022247;0.384692346;0.171188031;3.812575488;3.018567212;2.918451643
0.385192596;0.121725266;3.811387087;0.385192596;0.170957761;3.812958705;3.022492527;2.922246768
0.385692846;0.121691693;3.811762319;0.385692846;0.17072655;3.813339169;3.026417842;2.926041894
0.386193097;0.121654628;3.812132522;0.386193097;0.170498469;3.813720286;3.030343157;2.92983702
0.386693347;0.12161869;3.812505376;0.386693347;0.17027544;3.814103821;3.034268472;2.933632145
0.387193597;0.121583295;3.812875737;0.387193597;0.17005604;3.814490501;3.038193786;2.937427271
0.387693847;0.121548743;3.813244977;0.387693847;0.169838156;3.814878181;3.042119101;2.941222397
0.388194097;0.121519731;3.813624157;0.388194097;0.16962295;3.81526548;3.046044416;2.945017522
0.388694347;0.121486516;3.813999242;0.388694347;0.169409528;3.815652302;3.049969731;2.948812648
0.389194597;0.121455106;3.814376803;0.389194597;0.169198831;3.816041385;3.053895046;2.952607774
0.389694847;0.121422846;3.814752277;0.389694847;0.168990631;3.81643211;3.057820361;2.956402899
0.390195098;0.121391688;3.81513007;0.390195098;0.168790053;3.816827664;3.061745676;2.960198025
0.390695348;0.121364182;3.815507989;0.390695348;0.168586591;3.817218253;3.065670991;2.963993151
0.391195598;0.121333098;3.81588788;0.391195598;0.168384377;3.817611047;3.069596306;2.967788276
0.391695848;0.121305631;3.816272177;0.391695848;0.168185836;3.818003757;3.073521621;2.971583402
0.392196098;0.12127893;3.816654387;0.392196098;0.167987876;3.818399639;3.077446936;2.975378528
0.392696348;0.121251419;3.817039378;0.392696348;0.167790005;3.81879395;3.081372251;2.979173654
0.393196598;0.121227803;3.817426548;0.393196598;0.167596436;3.819195745;3.085297566;2.982968779
0.393696848;0.121200847;3.817812101;0.393696848;0.167401474;3.819590592;3.089222881;2.986763905
0.394197099;0.121178982;3.818202085;0.394197099;0.167210465;3.819989172;3.093148196;2.990559031
0.394697349;0.121155364;3.818589769;0.394697349;0.167016318;3.820386617;3.097073511;2.994354156
0.395197599;0.121126907;3.818975112;0.395197599;0.166830201;3.820792038;3.100998826;2.998149282
0.395697849;0.121105697;3.819370541;0.395697849;0.166641004;3.821193747;3.104924141;3.001944408
0.396198099;0.121080907;3.81976008;0.396198099;0.166455838;3.821600593;3.108849456;3.005739533
0.396698349;0.121060027;3.820156821;0.396698349;0.166267239;3.822001119;3.112774771;3.009534659
0.397198599;0.121034583;3.820546203;0.397198599;0.166080819;3.822408165;3.116700086;3.013329785
0.397698849;0.121012654;3.82094187;0.397698849;0.165898175;3.822819784;3.120625401;3.01712491
0.3981991;0.120989343;3.821334213;0.3981991;0.165713321;3.823228543;3.124550716;3.020920036
0.39869935;0.120969606;3.821737026;0.39869935;0.1655274;3.823635665;3.128476031;3.024715162
0.3991996;0.120949017;3.822132564;0.3991996;0.16534247;3.824048534;3.132401346;3.028510287
0.39969985;0.120919803;3.822525058;0.39969985;0.165156807;3.824461163;3.136326661;3.032305413
0.4002001;0.120902453;3.822927595;0.4002001;0.164973588;3.824875517;3.140251976;3.036100539
0.40070035;0.120880663;3.823327073;0.40070035;0.164785557;3.825286374;3.144177291;3.039895664
0.4012006;0.120857264;3.82372756;0.4012006;0.164600816;3.825703344;3.148102606;3.04369079
0.40170085;0.120836806;3.824131779;0.40170085;0.164414166;3.826120572;3.152027921;3.047485916
0.402201101;0.120816322;3.824533788;0.402201101;0.164229381;3.826539657;3.155953236;3.051281041
0.402701351;0.120795657;3.824938844;0.402701351;0.164042615;3.826959591;3.159878551;3.055076167
0.403201601;0.120775263;3.825342696;0.403201601;0.163853965;3.827379336;3.163803866;3.058871293
0.403701851;0.120753591;3.825748976;0.403701851;0.163661337;3.82779747;3.16772918;3.062666418
0.404202101;0.120735367;3.826159369;0.404202101;0.163475239;3.828226638;3.171654495;3.066461544
0.404702351;0.12071698;3.826570444;0.404702351;0.163284463;3.828649169;3.17557981;3.07025667
0.405202601;0.120697006;3.826980195;0.405202601;0.163091761;3.829075753;3.179505125;3.074051795
0.405702851;0.12067907;3.827392457;0.405702851;0.162898051;3.829502994;3.18343044;3.077846921
0.406203102;0.12066128;3.827805667;0.406203102;0.16270105;3.829929202;3.187355755;3.081642047
0.406703352;0.120629719;3.828207304;0.406703352;0.162503246;3.830358741;3.19128107;3.085437172
0.407203602;0.120617414;3.828628895;0.407203602;0.162306676;3.830790617;3.195206385;3.089232298
0.407703852;0.120595714;3.829041331;0.407703852;0.162104949;3.831220215;3.1991317;3.093027424
0.408204102;0.12057708;3.829458995;0.408204102;0.161903597;3.831653433;3.203057015;3.096822549
0.408704352;0.120562937;3.829881393;0.408704352;0.16170126;3.832090727;3.20698233;3.100617675
0.409204602;0.120542124;3.830298466;0.409204602;0.161491742;3.832522865;3.210907645;3.104412801
0.409704852;0.120522597;3.83071748;0.409704852;0.161285028;3.832962722;3.21483296;3.108207926
0.410205103;0.120501877;3.831136961;0.410205103;0.161074636;3.833396477;3.218758275;3.112003052
0.410705353;0.120486016;3.831561619;0.410705353;0.160864012;3.833836636;3.22268359;3.115798178
0.411205603;0.120468952;3.831985527;0.411205603;0.160652566;3.834276837;3.226608905;3.119593303
0.411705853;0.12045161;3.832409097;0.411705853;0.160437598;3.834718036;3.23053422;3.123388429
0.412206103;0.120434026;3.83283466;0.412206103;0.160222055;3.835160712;3.234459535;3.127183555
0.412706353;0.120417828;3.833262664;0.412706353;0.160003634;3.835602673;3.23838485;3.13097868
0.413206603;0.120400245;3.833691539;0.413206603;0.159784693;3.836047626;3.242310165;3.134773806
0.413706853;0.12038199;3.834118893;0.413706853;0.159564805;3.83649167;3.24623548;3.138568932
0.414207104;0.120368788;3.834554466;0.414207104;0.159346918;3.836941138;3.250160795;3.142364057
0.414707354;0.120351137;3.834983672;0.414707354;0.159120581;3.837383127;3.25408611;3.146159183
0.415207604;0.120331982;3.835413045;0.415207604;0.1588991;3.837833391;3.258011425;3.149954309
0.415707854;0.120315323;3.835845305;0.415707854;0.158676202;3.838279406;3.26193674;3.153749434
0.416208104;0.120297951;3.836279189;0.416208104;0.158453995;3.838731695;3.265862055;3.15754456
0.416708354;0.120282083;3.836714796;0.416708354;0.158232532;3.839184366;3.26978737;3.161339686
0.417208604;0.120265953;3.837152283;0.417208604;0.158007439;3.839634472;3.273712685;3.165134812
0.417708854;0.120246139;3.837584653;0.417708854;0.157784635;3.840087314;3.277638;3.168929937
0.418209105;0.120228716;3.838021389;0.418209105;0.157562411;3.840539981;3.281563315;3.172725063
0.418709355;0.120212774;3.838460125;0.418709355;0.157337321;3.840992463;3.28548863;3.176520189
0.419209605;0.120193864;3.838898156;0.419209605;0.157117286;3.841450367;3.289413945;3.180315314
0.419709855;0.120180438;3.839341678;0.419709855;0.156894641;3.841904896;3.29333926;3.18411044
0.420210105;0.120160245;3.83977931;0.420210105;0.156674355;3.842360006;3.297264574;3.187905566
0.420710355;0.120144528;3.840221842;0.420710355;0.156454878;3.842818424;3.301189889;3.191700691
0.421210605;0.120130314;3.840668542;0.421210605;0.156233886;3.843275054;3.305115204;3.195495817
0.421710855;0.120112024;3.841111354;0.421710855;0.156015898;3.843731564;3.309040519;3.199290943
0.422211106;0.120097361;3.841559344;0.422211106;0.155797517;3.844189141;3.312965834;3.203086068
0.422711356;0.120080353;3.842004336;0.422711356;0.155579554;3.844648094;3.316891149;3.206881194
0.423211606;0.120058515;3.842445275;0.423211606;0.155365634;3.845110383;3.320816464;3.21067632
0.423711856;0.120046859;3.842896985;0.423711856;0.155152177;3.84557124;3.324741779;3.214471445
0.424212106;0.120031398;3.843347398;0.424212106;0.154934147;3.846027601;3.328667094;3.218266571
0.424712356;0.120012934;3.84379606;0.424712356;0.154725987;3.846493214;3.332592409;3.222061697
0.425212606;0.119993808;3.844242782;0.425212606;0.154515023;3.846952763;3.336517724;3.225856822
0.425712856;0.119978264;3.844696831;0.425712856;0.154309985;3.847421128;3.340443039;3.229651948
0.426213107;0.119961187;3.845148844;0.426213107;0.154101049;3.847884162;3.344368354;3.233447074
0.426713357;0.119945838;3.845601866;0.426713357;0.153892979;3.848345669;3.348293669;3.237242199
0.427213607;0.119932503;3.846057395;0.427213607;0.153688666;3.84881023;3.352218984;3.241037325
0.427713857;0.119915566;3.84651109;0.427713857;0.153486105;3.849276401;3.356144299;3.244832451
0.428214107;0.119896674;3.846962848;0.428214107;0.153287308;3.849745819;3.360069614;3.248627576
0.428714357;0.119879417;3.84741805;0.428714357;0.153085518;3.850211055;3.363994929;3.252422702
0.429214607;0.11986405;3.847875385;0.429214607;0.152883532;3.850672507;3.367920244;3.256217828
0.429714857;0.119850413;3.848335888;0.429714857;0.152688806;3.851140787;3.371845559;3.260012953
0.430215108;0.119831947;3.848791172;0.430215108;0.152493176;3.851608051;3.375770874;3.263808079
0.430715358;0.119817424;3.849251671;0.430715358;0.152299736;3.852077431;3.379696189;3.267603205
0.431215608;0.119800766;3.849712245;0.431215608;0.152109505;3.852548876;3.383621504;3.27139833
0.431715858;0.119786238;3.850174959;0.431715858;0.15191689;3.853016663;3.387546819;3.275193456
0.432216108;0.119768096;3.850634546;0.432216108;0.151725934;3.853484274;3.391472134;3.278988582
0.432716358;0.11975233;3.851096756;0.432716358;0.151539023;3.8539554;3.395397449;3.282783707
0.433216608;0.119734135;3.851557487;0.433216608;0.15134819;3.854421267;3.399322764;3.286578833
0.433716858;0.119719997;3.852021748;0.433716858;0.151163709;3.854893885;3.403248079;3.290373959
0.434217109;0.119702404;3.852482944;0.434217109;0.150983643;3.855369363;3.407173394;3.294169084
0.434717359;0.119688711;3.852950727;0.434717359;0.15079847;3.855838805;3.411098709;3.29796421
0.435217609;0.119670947;3.853413346;0.435217609;0.150617747;3.856309958;3.415024024;3.301759336
0.435717859;0.119654726;3.853883101;0.435717859;0.150437894;3.856780956;3.418949339;3.305554461
0.436218109;0.119638305;3.854347995;0.436218109;0.150258199;3.857252123;3.422874653;3.309349587
0.436718359;0.119622477;3.854814257;0.436718359;0.150080912;3.857722552;3.426799968;3.313144713
0.437218609;0.119606863;3.855279863;0.437218609;0.149901933;3.858190805;3.430725283;3.316939838
0.437718859;0.119589258;3.855746764;0.437718859;0.149730599;3.858664558;3.434650598;3.320734964
0.43821911;0.119574398;3.856214408;0.43821911;0.149557148;3.859136839;3.438575913;3.32453009
0.43871936;0.119555052;3.856679565;0.43871936;0.149387288;3.859612443;3.442501228;3.328325215
0.43921961;0.119539105;3.857149024;0.43921961;0.149215222;3.860082105;3.446426543;3.332120341
0.43971986;0.119525474;3.857621699;0.43971986;0.149047238;3.860557186;3.450351858;3.335915467
0.44022011;0.119508347;3.858091884;0.44022011;0.14887876;3.861029122;3.454277173;3.339710592
0.44072036;0.119492282;3.858561965;0.44072036;0.148712016;3.861504002;3.458202488;3.343505718
0.44122061;0.119475848;3.859033553;0.44122061;0.148544238;3.861975703;3.462127803;3.347300844
0.44172086;0.119457263;3.859503477;0.44172086;0.14838121;3.862449076;3.466053118;3.351095969
0.442221111;0.119441886;3.85997544;0.442221111;0.148216951;3.86292073;3.469978433;3.354891095
0.442721361;0.119426276;3.860448597;0.442721361;0.148055644;3.863393479;3.473903748;3.358686221
0.443221611;0.119410112;3.860920848;0.443221611;0.147891811;3.86386478;3.477829063;3.362481347
0.443721861;0.119397104;3.861397391;0.443721861;0.147732369;3.864337211;3.481754378;3.366276472
0.444222111;0.119377588;3.861866446;0.444222111;0.147577377;3.864814737;3.485679693;3.370071598
0.444722361;0.119362902;3.862341912;0.444722361;0.14741778;3.865283943;3.489605008;3.373866724
0.445222611;0.119349655;3.862818866;0.445222611;0.147262845;3.865759034;3.493530323;3.377661849
0.445722861;0.119330155;3.863289764;0.445722861;0.147106896;3.866231249;3.497455638;3.381456975
0.446223112;0.119313172;3.863762755;0.446223112;0.146953422;3.866703538;3.501380953;3.385252101
0.446723362;0.11929602;3.864235062;0.446723362;0.146803078;3.867178958;3.505306268;3.389047226
0.447223612;0.119280094;3.864708913;0.447223612;0.146648587;3.867648807;3.509231583;3.392842352
0.447723862;0.119261575;3.865184279;0.447723862;0.146496469;3.868122473;3.513156898;3.396637478
0.448224112;0.1192462;3.86565949;0.448224112;0.146347411;3.868595563;3.517082213;3.400432603
0.448724362;0.119229393;3.866132544;0.448724362;0.146195278;3.869064979;3.521007528;3.404227729
0.449224612;0.11921061;3.866605709;0.449224612;0.146049789;3.869540626;3.524932843;3.408022855
0.449724862;0.119196082;3.867083326;0.449724862;0.145900453;3.870012748;3.528858158;3.41181798
0.450225113;0.119177843;3.867558622;0.450225113;0.145755206;3.870485337;3.532783473;3.415613106
0.450725363;0.119162577;3.868035745;0.450725363;0.145612682;3.870961066;3.536708788;3.419408232
0.451225613;0.119144276;3.868511852;0.451225613;0.145465174;3.871432061;3.540634103;3.423203357
0.451725863;0.119126533;3.868984691;0.451725863;0.14532195;3.871906181;3.544559418;3.426998483
0.452226113;0.119109856;3.869460201;0.452226113;0.145176775;3.872378491;3.548484733;3.430793609
0.452726363;0.11909364;3.869936261;0.452726363;0.145032978;3.87284844;3.552410047;3.434588734
0.453226613;0.119077721;3.870413022;0.453226613;0.144891083;3.873324483;3.556335362;3.43838386
0.453726863;0.119062543;3.870890946;0.453726863;0.144749484;3.873798513;3.560260677;3.442178986
0.454227114;0.119046037;3.871368565;0.454227114;0.144606045;3.874271519;3.564185992;3.445974111
0.454727364;0.119026275;3.871840386;0.454727364;0.144461369;3.874741496;3.568111307;3.449769237
0.455227614;0.119011769;3.872319731;0.455227614;0.144318581;3.875213842;3.572036622;3.453564363
0.455727864;0.118993679;3.872793986;0.455727864;0.144174937;3.875685347;3.575961937;3.457359488
0.456228114;0.118977687;3.873271673;0.456228114;0.144033144;3.876156521;3.579887252;3.461154614
0.456728364;0.118962113;3.873749936;0.456728364;0.143887665;3.876624852;3.583812567;3.46494974
0.457228614;0.118947392;3.874226386;0.457228614;0.143745805;3.877098041;3.587737882;3.468744865
0.457728864;0.118931082;3.874701778;0.457728864;0.143599838;3.877564237;3.591663197;3.472539991
0.458229115;0.118914869;3.875179504;0.458229115;0.143456798;3.878034399;3.595588512;3.476335117
0.458729365;0.118898153;3.87565307;0.458729365;0.143314666;3.878504142;3.599513827;3.480130242
0.459229615;0.11887871;3.876125781;0.459229615;0.143168736;3.878970098;3.603439142;3.483925368
0.459729865;0.118862701;3.876602323;0.459729865;0.143027421;3.879437711;3.607364457;3.487720494
0.460230115;0.118846536;3.877076048;0.460230115;0.142883589;3.879902475;3.611289772;3.491515619
0.460730365;0.11882892;3.877551748;0.460730365;0.142740222;3.880367796;3.615215087;3.495310745
0.461230615;0.118812446;3.878028138;0.461230615;0.142596382;3.880831057;3.619140402;3.499105871
0.461730865;0.118794003;3.878500328;0.461730865;0.142453976;3.88129403;3.623065717;3.502900996
0.462231116;0.118776577;3.878974965;0.462231116;0.142311578;3.881756079;3.626991032;3.506696122
0.462731366;0.11876075;3.879449058;0.462731366;0.142168701;3.882214407;3.630916347;3.510491248
0.463231616;0.118742362;3.879921443;0.463231616;0.142031346;3.882674917;3.634841662;3.514286373
0.463731866;0.118726037;3.880394016;0.463731866;0.141895027;3.883136143;3.638766977;3.518081499
0.464232116;0.118709336;3.880866306;0.464232116;0.141754204;3.883589806;3.642692292;3.521876625
0.464732366;0.118691945;3.881339838;0.464732366;0.14161799;3.884045864;3.646617607;3.52567175
0.465232616;0.118671863;3.881810264;0.465232616;0.141482829;3.88449978;3.650542922;3.529466876
0.465732866;0.118653813;3.882282622;0.465732866;0.141348819;3.884951963;3.654468237;3.533262002
0.466233117;0.118638243;3.88275456;0.466233117;0.141219807;3.885407927;3.658393552;3.537057127
0.466733367;0.118621323;3.883227129;0.466733367;0.14108614;3.885857237;3.662318867;3.540852253
0.467233617;0.118599796;3.883693431;0.467233617;0.140956871;3.886308123;3.666244182;3.544647379
0.467733867;0.11858489;3.884166005;0.467733867;0.140832114;3.886760206;3.670169497;3.548442505
0.468234117;0.118566701;3.88463385;0.468234117;0.140707225;3.887208174;3.674094812;3.55223763
0.468734367;0.118549609;3.88510548;0.468734367;0.140583049;3.887656524;3.678020127;3.556032756
0.469234617;0.118530212;3.885573927;0.469234617;0.140462192;3.888101963;3.681945441;3.559827882
0.469734867;0.118512304;3.886042765;0.469734867;0.140341314;3.888547365;3.685870756;3.563623007
0.470235118;0.118495271;3.886511885;0.470235118;0.140224129;3.888990847;3.689796071;3.567418133
0.470735368;0.118479129;3.886982536;0.470735368;0.140108739;3.889434292;3.693721386;3.571213259
0.471235618;0.11846022;3.887448055;0.471235618;0.139993267;3.88987416;3.697646701;3.575008384
0.471735868;0.118441065;3.88791292;0.471735868;0.139881888;3.890315206;3.701572016;3.57880351
0.472236118;0.118423018;3.88838056;0.472236118;0.139776054;3.890758984;3.705497331;3.582598636
0.472736368;0.118405293;3.888845597;0.472736368;0.139667818;3.891197548;3.709422646;3.586393761
0.473236618;0.118387531;3.889312678;0.473236618;0.139565709;3.891640325;3.713347961;3.590188887
0.473736868;0.118371005;3.889778877;0.473736868;0.139464886;3.892078909;3.717273276;3.593984013
0.474237119;0.118352451;3.890241161;0.474237119;0.139362;3.89251303;3.721198591;3.597779138
0.474737369;0.118333877;3.89070665;0.474737369;0.13926058;3.892946817;3.725123906;3.601574264
0.475237619;0.118317415;3.8911735;0.475237619;0.13916642;3.893388612;3.729049221;3.60536939
0.475737869;0.118297732;3.891632365;0.475737869;0.139073344;3.893827521;3.732974536;3.609164515
0.476238119;0.118280574;3.892095809;0.476238119;0.138975969;3.894255932;3.736899851;3.612959641
0.476738369;0.11825982;3.892557913;0.476738369;0.138889191;3.894694476;3.740825166;3.616754767
0.477238619;0.118241701;3.893019035;0.477238619;0.138800569;3.895128856;3.744750481;3.620549892
0.477738869;0.118223013;3.893479398;0.477738869;0.138712888;3.89556183;3.748675796;3.624345018
0.47823912;0.118208084;3.893942813;0.47823912;0.138625287;3.89599242;3.752601111;3.628140144
0.47873937;0.118188859;3.894400963;0.47873937;0.138542423;3.896424518;3.756526426;3.631935269
0.47923962;0.118168015;3.894858243;0.47923962;0.138460184;3.896857229;3.760451741;3.635730395
0.47973987;0.118151473;3.89531866;0.47973987;0.138382391;3.897288588;3.764377056;3.639525521
0.48024012;0.118131325;3.895776861;0.48024012;0.13830472;3.89771958;3.768302371;3.643320646
0.48074037;0.118115966;3.896239015;0.48074037;0.138230771;3.898153665;3.772227686;3.647115772
0.48124062;0.118097425;3.896694958;0.48124062;0.138154143;3.898581857;3.776153001;3.650910898
0.48174087;0.11807702;3.897150288;0.48174087;0.13808069;3.899011761;3.780078316;3.654706023
0.482241121;0.118059099;3.897608609;0.482241121;0.138008492;3.899439481;3.784003631;3.658501149
0.482741371;0.118039336;3.89806095;0.482741371;0.137937412;3.899867538;3.787928946;3.662296275
0.483241621;0.118023162;3.898518516;0.483241621;0.137870149;3.900298319;3.791854261;3.6660914
0.483741871;0.118005674;3.898973665;0.483741871;0.137802207;3.900727276;3.795779576;3.669886526
0.484242121;0.117985948;3.899428345;0.484242121;0.137735634;3.901152354;3.799704891;3.673681652
0.484742371;0.117966728;3.899880875;0.484742371;0.137673286;3.901582568;3.803630206;3.677476777
0.485242621;0.117945129;3.900333001;0.485242621;0.137609382;3.902008449;3.807555521;3.681271903
0.485742871;0.117929314;3.900788601;0.485742871;0.137548522;3.902436361;3.811480835;3.685067029
0.486243122;0.117909466;3.90124028;0.486243122;0.137488078;3.902861794;3.81540615;3.688862154
0.486743372;0.117890212;3.901691034;0.486743372;0.137429049;3.903288611;3.819331465;3.69265728
0.487243622;0.11786984;3.902140366;0.487243622;0.137371306;3.90371373;3.82325678;3.696452406
0.487743872;0.117852059;3.902592283;0.487743872;0.137313415;3.904141389;3.827182095;3.700247531
0.488244122;0.117832165;3.903040601;0.488244122;0.137260288;3.904568855;3.83110741;3.704042657
0.488744372;0.117814485;3.903494099;0.488744372;0.137205169;3.904993465;3.835032725;3.707837783
0.489244622;0.117794028;3.90393973;0.489244622;0.137153431;3.905419856;3.83895804;3.711632908
0.489744872;0.11777291;3.904384521;0.489744872;0.137096115;3.905841548;3.842883355;3.715428034
0.490245123;0.117756368;3.904834023;0.490245123;0.137046961;3.906268112;3.84680867;3.71922316
0.490745373;0.117733914;3.905279355;0.490745373;0.136998315;3.9066943;3.850733985;3.723018285
0.491245623;0.117718368;3.905729548;0.491245623;0.136949368;3.907118732;3.8546593;3.726813411
0.491745873;0.117697799;3.90617551;0.491745873;0.136899231;3.907542079;3.858584615;3.730608537
0.492246123;0.117677798;3.906620885;0.492246123;0.136849586;3.907964461;3.86250993;3.734403662
0.492746373;0.117657228;3.907063811;0.492746373;0.136804664;3.90838852;3.866435245;3.738198788
0.493246623;0.117636379;3.907507547;0.493246623;0.136759684;3.908813573;3.87036056;3.741993914
0.493746873;0.117618092;3.907952212;0.493746873;0.13671273;3.909233288;3.874285875;3.74578904
0.494247124;0.117597645;3.908393371;0.494247124;0.136672664;3.909662462;3.87821119;3.749584165
0.494747374;0.11757545;3.908835355;0.494747374;0.136627124;3.910082226;3.882136505;3.753379291
0.495247624;0.117557486;3.909278181;0.495247624;0.136586154;3.910507136;3.88606182;3.757174417
0.495747874;0.117535779;3.909719516;0.495747874;0.136544189;3.910929935;3.889987135;3.760969542
0.496248124;0.117515394;3.910160994;0.496248124;0.136502435;3.911351606;3.89391245;3.764764668
0.496748374;0.117493743;3.910597811;0.496748374;0.136463451;3.911772742;3.897837765;3.768559794
0.497248624;0.117472671;3.91103866;0.497248624;0.136425037;3.912196211;3.90176308;3.772354919
0.497748874;0.117453514;3.911478735;0.497748874;0.13638641;3.912618945;3.905688395;3.776150045
0.498249125;0.117432353;3.911915654;0.498249125;0.136348936;3.913040613;3.90961371;3.779945171
0.498749375;0.117411425;3.912353498;0.498749375;0.136310488;3.913463036;3.913539025;3.783740296
0.499249625;0.117390693;3.912792515;0.499249625;0.136271596;3.913882218;3.91746434;3.787535422
0.499749875;0.11736867;3.913227519;0.499749875;0.136238101;3.914306058;3.921389655;3.791330548
0.500250125;0.117348707;3.913663292;0.500250125;0.136204869;3.914730899;3.92531497;3.795125673
0.500750375;0.117329999;3.91410216;0.500750375;0.136167716;3.915151389;3.929240285;3.798920799
0.501250625;0.117309149;3.914538874;0.501250625;0.136133717;3.915572183;3.9331656;3.802715925
0.501750875;0.117289331;3.914974644;0.501750875;0.136100194;3.915993876;3.937090915;3.80651105
0.502251126;0.117268652;3.915409522;0.502251126;0.136068416;3.916416505;3.941016229;3.810306176
0.502751376;0.117247403;3.915846143;0.502751376;0.136037087;3.916838479;3.944941544;3.814101302
0.503251626;0.117222747;3.916276401;0.503251626;0.136003712;3.917258354;3.948866859;3.817896427
0.503751876;0.117204158;3.916712902;0.503751876;0.135971674;3.917678816;3.952792174;3.821691553
0.504252126;0.11718416;3.917148213;0.504252126;0.135942309;3.918101511;3.956717489;3.825486679
0.504752376;0.117160176;3.917579087;0.504752376;0.135912781;3.918523958;3.960642804;3.829281804
0.505252626;0.117138189;3.918012808;0.505252626;0.135881504;3.918944472;3.964568119;3.83307693
0.505752876;0.117112983;3.918442134;0.505752876;0.135852633;3.919366177;3.968493434;3.836872056
0.506253127;0.11709559;3.918878935;0.506253127;0.135821581;3.919785825;3.972418749;3.840667181
0.506753377;0.117071608;3.919304273;0.506753377;0.135788923;3.920203322;3.976344064;3.844462307
0.507253627;0.117049207;3.91973561;0.507253627;0.135762323;3.920624325;3.980269379;3.848257433
0.507753877;0.117025281;3.920163493;0.507753877;0.135732815;3.92104442;3.984194694;3.852052558
0.508254127;0.117006033;3.920597138;0.508254127;0.135705209;3.92146526;3.988120009;3.855847684
0.508754377;0.11698535;3.92102892;0.508754377;0.135677401;3.921884961;3.992045324;3.85964281
0.509254627;0.116961774;3.921455142;0.509254627;0.135652632;3.922308863;3.995970639;3.863437935
0.509754877;0.116937202;3.921883252;0.509754877;0.135624923;3.922729291;3.999895954;3.867233061
0.510255128;0.116916633;3.92231284;0.510255128;0.135600653;3.923151282;4.003821269;3.871028187
0.510755378;0.116890799;3.922739168;0.510755378;0.135576472;3.923572864;4.007746584;3.874823312
0.511255628;0.116871172;3.923169877;0.511255628;0.135546709;3.923988477;4.011671899;3.878618438
0.511755878;0.116849;3.923597325;0.511755878;0.135522197;3.924408902;4.015597214;3.882413564
0.512256128;0.116826076;3.924024472;0.512256128;0.135497188;3.924827664;4.019522529;3.886208689
0.512756378;0.116801608;3.924450267;0.512756378;0.135469513;3.925245303;4.023447844;3.890003815
0.513256628;0.116779667;3.924878972;0.513256628;0.135448287;3.925666597;4.027373159;3.893798941
0.513756878;0.11675418;3.925303695;0.513756878;0.135426456;3.926087715;4.031298474;3.897594066
0.514257129;0.116731866;3.925729315;0.514257129;0.135402043;3.926505455;4.035223789;3.901389192
0.514757379;0.116705605;3.926151107;0.514757379;0.135381867;3.926929511;4.039149104;3.905184318
0.515257629;0.116684136;3.926577891;0.515257629;0.135358597;3.92734728;4.043074419;3.908979443
0.515757879;0.116658969;3.927000679;0.515757879;0.135336021;3.927764015;4.046999734;3.912774569
0.516258129;0.116636309;3.927424469;0.516258129;0.135310132;3.92818115;4.050925049;3.916569695
0.516758379;0.116613572;3.927849572;0.516758379;0.135290772;3.928603686;4.054850364;3.92036482
0.517258629;0.116586033;3.928269977;0.517258629;0.135266648;3.929019239;4.058775679;3.924159946
0.517758879;0.116555733;3.928689033;0.517758879;0.135245433;3.929438023;4.062700994;3.927955072
0.51825913;0.116535715;3.929115276;0.51825913;0.13522473;3.929856547;4.066626309;3.931750198
0.51875938;0.116512522;3.929539116;0.51875938;0.135203168;3.930274843;4.070551623;3.935545323
0.51925963;0.116486674;3.929958572;0.51925963;0.135181643;3.930690416;4.074476938;3.939340449
0.51975988;0.116464786;3.930383478;0.51975988;0.135165612;3.931113648;4.078402253;3.943135575
0.52026013;0.116437347;3.930804227;0.52026013;0.135142748;3.93152871;4.082327568;3.9469307
0.52076038;0.116415465;3.931225695;0.52076038;0.13512251;3.931947492;4.086252883;3.950725826
0.52126063;0.116388295;3.931643306;0.52126063;0.135103644;3.932363203;4.090178198;3.954520952
0.52176088;0.116365788;3.932066157;0.52176088;0.135082454;3.932780023;4.094103513;3.958316077
0.522261131;0.116338449;3.932483971;0.522261131;0.135061637;3.933195392;4.098028828;3.962111203
0.522761381;0.1163145;3.932906648;0.522761381;0.135043277;3.933611449;4.101954143;3.965906329
0.523261631;0.116291254;3.933327683;0.523261631;0.135026614;3.934029966;4.105879458;3.969701454
0.523761881;0.11626551;3.933746832;0.523761881;0.135005287;3.934443314;4.109804773;3.97349658
0.524262131;0.11623643;3.934162305;0.524262131;0.13498942;3.934860376;4.113730088;3.977291706
0.524762381;0.116213471;3.934582974;0.524762381;0.134971384;3.935275435;4.117655403;3.981086831
0.525262631;0.116182936;3.934998278;0.525262631;0.134950551;3.935688442;4.121580718;3.984881957
0.525762881;0.116158067;3.935416035;0.525762881;0.134933165;3.936104606;4.125506033;3.988677083
0.526263132;0.116131703;3.935832569;0.526263132;0.134914864;3.936517611;4.129431348;3.992472208
0.526763382;0.116104577;3.936247508;0.526763382;0.134895745;3.936928585;4.133356663;3.996267334
0.527263632;0.116080028;3.936667139;0.527263632;0.134878468;3.937342561;4.137281978;4.00006246
0.527763882;0.116053714;3.937084597;0.527763882;0.134861593;3.937756724;4.141207293;4.003857585
0.528264132;0.116025133;3.937497546;0.528264132;0.134844086;3.938167975;4.145132608;4.007652711
0.528764382;0.115979615;3.937894876;0.528764382;0.13482947;3.938582235;4.149057923;4.011447837
0.529264632;0.115973574;3.938330701;0.529264632;0.134812331;3.938993528;4.152983238;4.015242962
0.529764882;0.115946677;3.938745435;0.529764882;0.1347966;3.939407139;4.156908553;4.019038088
0.530265133;0.115920268;3.939160373;0.530265133;0.134781451;3.939819738;4.160833868;4.022833214
0.530765383;0.115891448;3.939570174;0.530765383;0.134764761;3.940231018;4.164759183;4.026628339
0.531265633;0.115865106;3.939986309;0.531265633;0.13474761;3.940638822;4.168684498;4.030423465
0.531765883;0.115836935;3.940399297;0.531765883;0.134730858;3.941047535;4.172609813;4.034218591
0.532266133;0.115809061;3.940811573;0.532266133;0.134715593;3.941458138;4.176535128;4.038013716
0.532766383;0.115780828;3.94122234;0.532766383;0.134698832;3.941864182;4.180460443;4.041808842
0.533266633;0.115749892;3.941632645;0.533266633;0.134683837;3.942273371;4.184385758;4.045603968
0.533766883;0.115720437;3.942043674;0.533766883;0.134668241;3.942680138;4.188311073;4.049399093
0.534267134;0.115693193;3.942454554;0.534267134;0.134652278;3.943085913;4.192236388;4.053194219
0.534767384;0.115665146;3.942867988;0.534767384;0.134639965;3.943492922;4.196161703;4.056989345
0.535267634;0.115637821;3.943279071;0.535267634;0.134623841;3.943899577;4.200087017;4.06078447
0.535767884;0.11560785;3.943688963;0.535767884;0.134609166;3.944304909;4.204012332;4.064579596
0.536268134;0.115576656;3.94409543;0.536268134;0.134596826;3.944708767;4.207937647;4.068374722
0.536768384;0.11554566;3.944503291;0.536768384;0.134583406;3.94511298;4.211862962;4.072169847
0.537268634;0.115517171;3.944914647;0.537268634;0.1345711;3.94552013;4.215788277;4.075964973
0.537768884;0.115486229;3.945322048;0.537768884;0.134555351;3.945920213;4.219713592;4.079760099
0.538269135;0.115459178;3.945733337;0.538269135;0.134539778;3.946320988;4.223638907;4.083555224
0.538769385;0.115426888;3.946135705;0.538769385;0.134526825;3.946724045;4.227564222;4.08735035
0.539269635;0.115395527;3.946543482;0.539269635;0.13451099;3.947125411;4.231489537;4.091145476
0.539769885;0.115369741;3.946952828;0.539769885;0.134495797;3.947525428;4.235414852;4.094940601
0.540270135;0.115338796;3.947357569;0.540270135;0.134480748;3.94792385;4.239340167;4.098735727
0.540770385;0.115306874;3.947762831;0.540770385;0.134468395;3.948324888;4.243265482;4.102530853
0.541270635;0.11527566;3.948167697;0.541270635;0.134453689;3.948721374;4.247190797;4.106325978
0.541770885;0.115244089;3.948569986;0.541770885;0.134440184;3.949121546;4.251116112;4.110121104
0.542271136;0.115207738;3.94896902;0.542271136;0.134426303;3.949518125;4.255041427;4.11391623
0.542771386;0.115177078;3.949374418;0.542771386;0.134409914;3.949912282;4.258966742;4.117711355
0.543271636;0.115147123;3.94977862;0.543271636;0.134398618;3.950307023;4.262892057;4.121506481
0.543771886;0.115112922;3.950178776;0.543771886;0.134385046;3.950704126;4.266817372;4.125301607
0.544272136;0.115077576;3.950576056;0.544272136;0.134372082;3.951096549;4.270742687;4.129096733
0.544772386;0.115044814;3.950976263;0.544772386;0.13435754;3.951487949;4.274668002;4.132891858
0.545272636;0.115013013;3.951375366;0.545272636;0.134343228;3.951877464;4.278593317;4.136686984
0.545772886;0.114978222;3.951775501;0.545772886;0.134331106;3.952268985;4.282518632;4.14048211
0.546273137;0.114946081;3.952178692;0.546273137;0.134317304;3.952659407;4.286443947;4.144277235
0.546773387;0.114911795;3.952575688;0.546773387;0.134303574;3.953048677;4.290369262;4.148072361
0.547273637;0.114874946;3.952970918;0.547273637;0.134290082;3.953436297;4.294294577;4.151867487
0.547773887;0.114844707;3.953370246;0.547773887;0.134276931;3.953821244;4.298219892;4.155662612
0.548274137;0.114810505;3.953766825;0.548274137;0.134262825;3.954206685;4.302145207;4.159457738
0.548774387;0.114774876;3.954160779;0.548774387;0.13425132;3.954592499;4.306070522;4.163252864
0.549274637;0.114739156;3.954553027;0.549274637;0.134237601;3.954978584;4.309995837;4.167047989
0.549774887;0.114706954;3.954949876;0.549774887;0.134226025;3.955362909;4.313921152;4.170843115
0.550275138;0.114674983;3.955347317;0.550275138;0.134213142;3.95574621;4.317846467;4.174638241
0.550775388;0.114635391;3.955736188;0.550775388;0.134198719;3.956126414;4.321771782;4.178433366
0.551275638;0.114602702;3.956131763;0.551275638;0.134184171;3.956505441;4.325697097;4.182228492
0.551775888;0.114562616;3.956521109;0.551775888;0.134171378;3.956885365;4.329622411;4.186023618
0.552276138;0.114525461;3.956910318;0.552276138;0.13415895;3.957265771;4.333547726;4.189818743
0.552776388;0.11448973;3.957301263;0.552776388;0.134148472;3.957644118;4.337473041;4.193613869
0.553276638;0.114455399;3.957692842;0.553276638;0.13413407;3.958017875;4.341398356;4.197408995
0.553776888;0.114418052;3.958080825;0.553776888;0.134121545;3.958392169;4.345323671;4.20120412
0.554277139;0.114382181;3.958470127;0.554277139;0.134108923;3.958768686;4.349248986;4.204999246
0.554777389;0.114347006;3.958857415;0.554777389;0.134095315;3.959141164;4.353174301;4.208794372
0.555277639;0.114303713;3.959240622;0.555277639;0.134087913;3.959517153;4.357099616;4.212589497
0.555777889;0.11426436;3.959625896;0.555777889;0.134075938;3.959888134;4.361024931;4.216384623
0.556278139;0.114226474;3.960013725;0.556278139;0.13406051;3.960255046;4.364950246;4.220179749
0.556778389;0.114186792;3.960397027;0.556778389;0.134048784;3.960625762;4.368875561;4.223974874
0.557278639;0.114148346;3.96077975;0.557278639;0.134037553;3.960994099;4.372800876;4.22777
0.557778889;0.114105388;3.961158029;0.557778889;0.134022985;3.961357366;4.376726191;4.231565126
0.55827914;0.114066476;3.961541985;0.55827914;0.13401177;3.961723814;4.380651506;4.235360251
0.55877939;0.114025008;3.961921957;0.55877939;0.134000854;3.962089396;4.384576821;4.239155377
0.55927964;0.113983619;3.96230212;0.55927964;0.133991096;3.962457117;4.388502136;4.242950503
0.55977989;0.113942934;3.962684194;0.55977989;0.133976257;3.962814135;4.392427451;4.246745628
0.56028014;0.113900262;3.963060385;0.56028014;0.1339664;3.963178971;4.396352766;4.250540754
0.56078039;0.113862518;3.96344327;0.56078039;0.133953276;3.963536384;4.400278081;4.25433588
0.56128064;0.113816637;3.963814906;0.56128064;0.133940787;3.963894442;4.404203396;4.258131005
0.56178089;0.113776644;3.964194598;0.56178089;0.13392852;3.964251231;4.408128711;4.261926131
0.562281141;0.113733548;3.964568177;0.562281141;0.133917062;3.964608152;4.412054026;4.265721257
0.562781391;0.113689855;3.964941306;0.562781391;0.133906942;3.964965778;4.415979341;4.269516382
0.563281641;0.113646247;3.965315741;0.563281641;0.133892248;3.965316756;4.419904656;4.273311508
0.563781891;0.113598243;3.965683994;0.563781891;0.133880513;3.965668402;4.423829971;4.277106634
0.564282141;0.113553817;3.966053738;0.564282141;0.13386992;3.966022651;4.427755286;4.280901759
0.564782391;0.113507986;3.966424992;0.564782391;0.133856258;3.966371904;4.431680601;4.284696885
0.565282641;0.113462937;3.966794762;0.565282641;0.133847028;3.966725053;4.435605916;4.288492011
0.565782891;0.113413115;3.96715962;0.565782891;0.133834955;3.967073253;4.439531231;4.292287136
0.566283142;0.113368188;3.96752933;0.566283142;0.133823525;3.96742032;4.443456546;4.296082262
0.566783392;0.11332341;3.967897165;0.566783392;0.133810403;3.96776572;4.447381861;4.299877388
0.567283642;0.113276524;3.968264874;0.567283642;0.133798297;3.968109285;4.451307176;4.303672513
0.567783892;0.113227913;3.968630194;0.567783892;0.133787845;3.968452567;4.455232491;4.307467639
0.568284142;0.113180194;3.968992232;0.568284142;0.133775619;3.968794444;4.459157805;4.311262765
0.568784392;0.113129057;3.969354896;0.568784392;0.133765485;3.969136841;4.46308312;4.315057891
0.569284642;0.113075558;3.969712478;0.569284642;0.13375297;3.969474075;4.467008435;4.318853016
0.569784892;0.113029078;3.970075765;0.569784892;0.133742249;3.969814291;4.47093375;4.322648142
0.570285143;0.112977703;3.970434785;0.570285143;0.133728981;3.970147879;4.474859065;4.326443268
0.570785393;0.112920804;3.970788167;0.570785393;0.133715834;3.970484006;4.47878438;4.330238393
0.571285643;0.112869182;3.971146006;0.571285643;0.133705197;3.970819817;4.482709695;4.334033519
0.571785893;0.11282074;3.971506613;0.571785893;0.133693188;3.971152984;4.48663501;4.337828645
0.572286143;0.112766144;3.97186363;0.572286143;0.133684002;3.971488759;4.490560325;4.34162377
0.572786393;0.112711474;3.972215534;0.572786393;0.133669663;3.971816907;4.49448564;4.345418896
0.573286643;0.112658892;3.972570836;0.573286643;0.133657845;3.972148326;4.498410955;4.349214022
0.573786893;0.112602059;3.972924682;0.573786893;0.13364653;3.972478295;4.50233627;4.353009147
0.574287144;0.112547327;3.973275024;0.574287144;0.133633534;3.972804095;4.506261585;4.356804273
0.574787394;0.112492896;3.973628347;0.574787394;0.133622009;3.973129643;4.5101869;4.360599399
0.575287644;0.1124373;3.973979273;0.575287644;0.133610411;3.973455168;4.514112215;4.364394524
0.575787894;0.112381751;3.974330641;0.575787894;0.133599635;3.973781874;4.51803753;4.36818965
0.576288144;0.112322305;3.974676656;0.576288144;0.133586955;3.974101729;4.521962845;4.371984776
0.576788394;0.112262777;3.975023658;0.576788394;0.133574929;3.974422861;4.52588816;4.375779901
0.577288644;0.112204067;3.975371143;0.577288644;0.133561104;3.974740414;4.529813475;4.379575027
0.577788894;0.112140863;3.975711244;0.577788894;0.133550997;3.97506359;4.53373879;4.383370153
0.578289145;0.112073464;3.976049571;0.578289145;0.133536508;3.975379621;4.537664105;4.387165278
0.578789395;0.11201576;3.976396302;0.578789395;0.133523167;3.975695444;4.54158942;4.390960404
0.579289645;0.111953697;3.976740117;0.579289645;0.133510578;3.976007807;4.545514735;4.39475553
0.579789895;0.111889531;3.977078278;0.579789895;0.133503028;3.976326889;4.54944005;4.398550655
0.580290145;0.111822434;3.97741349;0.580290145;0.133489366;3.976639044;4.553365365;4.402345781
0.580790395;0.111757019;3.97775377;0.580790395;0.133476761;3.976950515;4.55729068;4.406140907
0.581290645;0.111693512;3.978096581;0.581290645;0.133465089;3.977263239;4.561215995;4.409936032
0.581790895;0.111623234;3.978428183;0.581790895;0.133453672;3.977574035;4.56514131;4.413731158
0.582291146;0.11154316;3.978752917;0.582291146;0.133441596;3.977882632;4.569066625;4.417526284
0.582791396;0.111478024;3.97909086;0.582791396;0.133428405;3.978189221;4.57299194;4.421321409
0.583291646;0.111404792;3.979422;0.583291646;0.133416196;3.978495192;4.576917255;4.425116535
0.583791896;0.111335039;3.979754271;0.583791896;0.133402636;3.978800461;4.58084257;4.428911661
0.584292146;0.111260272;3.980083414;0.584292146;0.133388638;3.979101339;4.584767885;4.432706786
0.584792396;0.111187014;3.980413678;0.584792396;0.133378186;3.979403678;4.588693199;4.436501912
0.585292646;0.111113686;3.980745126;0.585292646;0.133366893;3.979706436;4.592618514;4.440297038
0.585792896;0.111035397;3.981069306;0.585792896;0.133350792;3.980004688;4.596543829;4.444092163
0.586293147;0.110959116;3.981396714;0.586293147;0.133338933;3.980303399;4.600469144;4.447887289
0.586793397;0.110886327;3.98172674;0.586793397;0.133325341;3.980602029;4.604394459;4.451682415
0.587293647;0.110807678;3.98205372;0.587293647;0.133313897;3.980899552;4.608319774;4.45547754
0.587793897;0.110724503;3.98237686;0.587793897;0.133301852;3.981195909;4.612245089;4.459272666
0.588294147;0.110639852;3.982698699;0.588294147;0.133288237;3.9814891;4.616170404;4.463067792
0.588794397;0.110560016;3.983024517;0.588794397;0.133277165;3.981786058;4.620095719;4.466862917
0.589294647;0.110474429;3.98334284;0.589294647;0.133262084;3.982075424;4.624021034;4.470658043
0.589794897;0.110387952;3.983664648;0.589794897;0.133250114;3.982371003;4.627946349;4.474453169
0.590295148;0.110299439;3.983981702;0.590295148;0.133239372;3.982663258;4.631871664;4.478248294
0.590795398;0.110208271;3.984298611;0.590795398;0.133225179;3.98295272;4.635796979;4.48204342
0.591295648;0.110117573;3.98461805;0.591295648;0.133213159;3.983241501;4.639722294;4.485838546
0.591795898;0.110025404;3.984934508;0.591795898;0.133199153;3.983529276;4.643647609;4.489633671
0.592296148;0.109931901;3.985250056;0.592296148;0.133184814;3.983815212;4.647572924;4.493428797
0.592796398;0.109836984;3.98556479;0.592796398;0.133172679;3.984101646;4.651498239;4.497223923
0.593296648;0.109738016;3.985878727;0.593296648;0.133157353;3.984384786;4.655423554;4.501019048
0.593796898;0.10964129;3.986191621;0.593796898;0.133146488;3.984671592;4.659348869;4.504814174
0.594297149;0.109537997;3.986501157;0.594297149;0.133131141;3.984953899;4.663274184;4.5086093
0.594797399;0.109434081;3.986812481;0.594797399;0.133121074;3.985239602;4.667199499;4.512404426
0.595297649;0.109328864;3.98712218;0.595297649;0.133103606;3.985517525;4.671124814;4.516199551
0.595797899;0.109220315;3.987431591;0.595797899;0.133089862;3.985798877;4.675050129;4.519994677
0.596298149;0.109111132;3.987739416;0.596298149;0.133075456;3.986076536;4.678975444;4.523789803
0.596798399;0.108998733;3.988048302;0.596798399;0.133060942;3.986357079;4.682900759;4.527584928
0.597298649;0.108883223;3.988352445;0.597298649;0.133045619;3.986633787;4.686826074;4.531380054
0.597798899;0.108768563;3.988661787;0.597798899;0.133030043;3.986909892;4.690751389;4.53517518
0.59829915;0.108649297;3.988966696;0.59829915;0.133017073;3.987189504;4.694676704;4.538970305
0.5987994;0.108528513;3.989270016;0.5987994;0.133002386;3.987465216;4.698602019;4.542765431
0.59929965;0.108405686;3.989573586;0.59929965;0.132983635;3.98773667;4.702527334;4.546560557
0.5997999;0.108277691;3.98987488;0.5997999;0.132970367;3.988013541;4.706452649;4.550355682
0.60030015;0.108150353;3.990179636;0.60030015;0.132953999;3.988285936;4.710377964;4.554150808
0.6008004;0.108017447;3.990479932;0.6008004;0.132940416;3.988559488;4.714303278;4.557945934
0.60130065;0.107884804;3.99078162;0.60130065;0.132924974;3.988833584;4.718228593;4.561741059
0.6018009;0.107743975;3.991080317;0.6018009;0.13290928;3.98910483;4.722153908;4.565536185
0.602301151;0.107602631;3.991377113;0.602301151;0.132889939;3.989371856;4.726079223;4.569331311
0.602801401;0.107456728;3.991674408;0.602801401;0.132876652;3.989642757;4.730004538;4.573126436
0.603301651;0.107310478;3.991974685;0.603301651;0.132860503;3.989913023;4.733929853;4.576921562
0.603801901;0.107159674;3.992270959;0.603801901;0.132843659;3.990181703;4.737855168;4.580716688
0.604302151;0.107006588;3.992569976;0.604302151;0.13282609;3.990448038;4.741780483;4.584511813
0.604802401;0.106843241;3.992863041;0.604802401;0.132810718;3.990717133;4.745705798;4.588306939
0.605302651;0.106681427;3.993159243;0.605302651;0.132792929;3.990983399;4.749631113;4.592102065
0.605802901;0.10651597;3.993455978;0.605802901;0.132777883;3.991253421;4.753556428;4.59589719
0.606303152;0.106343504;3.993748741;0.606303152;0.132757729;3.991516777;4.757481743;4.599692316
0.606803402;0.10617138;3.994044684;0.606803402;0.132740223;3.991781554;4.761407058;4.603487442
0.607303652;0.105992416;3.994337488;0.607303652;0.132724469;3.992048317;4.765332373;4.607282567
0.607803902;0.105807486;3.994628623;0.607803902;0.132705486;3.99231188;4.769257688;4.611077693
0.608304152;0.10561841;3.994920866;0.608304152;0.132689612;3.992580764;4.773183003;4.614872819
0.608804402;0.105423527;3.995210046;0.608804402;0.132671401;3.992846002;4.777108318;4.618667944
0.609304652;0.105225139;3.995501742;0.609304652;0.132649146;3.993102851;4.781033633;4.62246307
0.609804902;0.105019892;3.995792674;0.609804902;0.132634643;3.99337159;4.784958948;4.626258196
0.610305153;0.104810004;3.996082639;0.610305153;0.132617584;3.993637468;4.788884263;4.630053321
0.610805403;0.104597398;3.996376259;0.610805403;0.132597846;3.993899156;4.792809578;4.633848447
0.611305653;0.10437669;3.996664941;0.611305653;0.13257936;3.994161461;4.796734893;4.637643573
0.611805903;0.1041489;3.996951219;0.611805903;0.132559513;3.99442533;4.800660208;4.641438698
0.612306153;0.103914663;3.997240788;0.612306153;0.132538199;3.994684475;4.804585523;4.645233824
0.612806403;0.103672839;3.997527186;0.612806403;0.13251957;3.994949783;4.808510838;4.64902895
0.613306653;0.103431601;3.997820148;0.613306653;0.132498744;3.995209574;4.812436153;4.652824075
0.613806903;0.103177305;3.998106583;0.613806903;0.132478983;3.995472763;4.816361468;4.656619201
0.614307154;0.102918626;3.998396204;0.614307154;0.132457839;3.995735604;4.820286783;4.660414327
0.614807404;0.102652739;3.998685452;0.614807404;0.132438115;3.995999426;4.824212098;4.664209452
0.615307654;0.102379918;3.998974184;0.615307654;0.132416908;3.996261196;4.828137413;4.668004578
0.615807904;0.102099655;3.999261528;0.615807904;0.132392752;3.996522304;4.832062728;4.671799704
0.616308154;0.10181147;3.999549239;0.616308154;0.13237264;3.996785766;4.835988043;4.675594829
0.616808404;0.101515938;3.999837248;0.616808404;0.132349727;3.997046753;4.839913358;4.679389955
0.617308654;0.101213945;4.000126173;0.617308654;0.132327148;3.997307658;4.843838672;4.683185081
0.617808904;0.100904437;4.00041142;0.617808904;0.132302169;3.997569156;4.847763987;4.686980206
0.618309155;0.100587616;4.000702057;0.618309155;0.13228088;3.997833446;4.851689302;4.690775332
0.618809405;0.100260461;4.000989421;0.618809405;0.132256301;3.998096104;4.855614617;4.694570458
0.619309655;0.099927392;4.00127543;0.619309655;0.132236306;3.998361322;4.859539932;4.698365584
0.619809905;0.099587033;4.00156423;0.619809905;0.132210681;3.998626162;4.863465247;4.702160709
0.620310155;0.099242627;4.001853205;0.620310155;0.132184967;3.998887285;4.867390562;4.705955835
0.620810405;0.098889062;4.002142255;0.620810405;0.132159839;3.999151784;4.871315877;4.709750961
0.621310655;0.098528314;4.00242848;0.621310655;0.132133503;3.999415527;4.875241192;4.713546086
0.621810905;0.098160988;4.002715848;0.621810905;0.132108307;3.99968077;4.879166507;4.717341212
0.622311156;0.097787213;4.003001921;0.622311156;0.132085369;3.999948258;4.883091822;4.721136338
0.622811406;0.097412801;4.00329197;0.622811406;0.132059437;4.000214572;4.887017137;4.724931463
0.623311656;0.097033104;4.003582344;0.623311656;0.132029612;4.000479564;4.890942452;4.728726589
0.623811906;0.096646762;4.003870238;0.623811906;0.132005786;4.000749042;4.894867767;4.732521715
0.624312156;0.096260139;4.004162937;0.624312156;0.131976295;4.001014974;4.898793082;4.73631684
0.624812406;0.095864696;4.004448446;0.624812406;0.131947367;4.001281861;4.902718397;4.740111966
0.625312656;0.095474998;4.004739734;0.625312656;0.13191496;4.001544246;4.906643712;4.743907092
0.625812906;0.095083753;4.005027613;0.625812906;0.13188801;4.001817341;4.910569027;4.747702217
0.626313157;0.094696452;4.005315197;0.626313157;0.131856224;4.002085518;4.914494342;4.751497343
0.626813407;0.094307775;4.005603872;0.626813407;0.131826897;4.002357;4.918419657;4.755292469
0.627313657;0.093926068;4.005892153;0.627313657;0.131794961;4.00262584;4.922344972;4.759087594
0.627813907;0.093552054;4.006182731;0.627813907;0.131764106;4.002899309;4.926270287;4.76288272
0.628314157;0.093183144;4.006471963;0.628314157;0.131731489;4.003170976;4.930195602;4.766677846
0.628814407;0.092825978;4.006761506;0.628814407;0.13169724;4.003443632;4.934120917;4.770472971
0.629314657;0.092477804;4.007052429;0.629314657;0.131663196;4.00371883;4.938046232;4.774268097
0.629814907;0.092142845;4.007344675;0.629814907;0.131629953;4.003992135;4.941971547;4.778063223
0.630315158;0.091814823;4.007631708;0.630315158;0.131595353;4.004269001;4.945896862;4.781858348
0.630815408;0.091499039;4.00791886;0.630815408;0.131558344;4.004544874;4.949822177;4.785653474
0.631315658;0.091202093;4.008211419;0.631315658;0.131522944;4.004823193;4.953747492;4.7894486
0.631815908;0.090918092;4.008501755;0.631815908;0.131485023;4.005100053;4.957672807;4.793243725
0.632316158;0.09065069;4.008793124;0.632316158;0.131450155;4.005384054;4.961598122;4.797038851
0.632816408;0.090398845;4.009082656;0.632816408;0.131408313;4.005661177;4.965523437;4.800833977
0.633316658;0.090161383;4.009376582;0.633316658;0.131371973;4.005947267;4.969448752;4.804629102
0.633816908;0.089939618;4.009669255;0.633816908;0.131330703;4.006230387;4.973374066;4.808424228
0.634317159;0.089733147;4.009961995;0.634317159;0.13128934;4.006513092;4.977299381;4.812219354
0.634817409;0.089541456;4.010250775;0.634817409;0.131248811;4.006797716;4.981224696;4.816014479
0.635317659;0.089365275;4.010544476;0.635317659;0.131207654;4.007086565;4.985150011;4.819809605
0.635817909;0.089202084;4.010838175;0.635817909;0.13116141;4.007370617;4.989075326;4.823604731
0.636318159;0.089057805;4.011135035;0.636318159;0.131116994;4.007659235;4.993000641;4.827399856
0.636818409;0.088922486;4.011428572;0.636818409;0.131072886;4.007952674;4.996925956;4.831194982
0.637318659;0.088801743;4.01172365;0.637318659;0.13102807;4.008246193;5.000851271;4.834990108
0.637818909;0.088691697;4.012018958;0.637818909;0.13097776;4.008536983;5.004776586;4.838785233
0.63831916;0.088594813;4.012314216;0.63831916;0.130933227;4.008837881;5.008701901;4.842580359
0.63881941;0.088505584;4.012610515;0.63881941;0.130878272;4.009128384;5.012627216;4.846375485
0.63931966;0.088427568;4.012910152;0.63931966;0.130831075;4.009431719;5.016552531;4.85017061
0.63981991;0.088358599;4.013210713;0.63981991;0.130777922;4.009730106;5.020477846;4.853965736
0.64032016;0.088293934;4.013510794;0.64032016;0.130724511;4.010028801;5.024403161;4.857760862
0.64082041;0.088238385;4.013812386;0.64082041;0.130670262;4.010331984;5.028328476;4.861555987
0.64132066;0.088187472;4.014116776;0.64132066;0.130612765;4.010635443;5.032253791;4.865351113
0.64182091;0.088137362;4.014418549;0.64182091;0.130555265;4.010940222;5.036179106;4.869146239
0.642321161;0.088093512;4.014727193;0.642321161;0.130496528;4.011247106;5.040104421;4.872941364
0.642821411;0.088051456;4.015033642;0.642821411;0.130439711;4.011560602;5.044029736;4.87673649
0.643321661;0.088008665;4.015341761;0.643321661;0.130376019;4.011870553;5.047955051;4.880531616
0.643821911;0.087967351;4.015652026;0.643821911;0.130311329;4.012181173;5.051880366;4.884326741
0.644322161;0.087927896;4.015968153;0.644322161;0.130247252;4.012495947;5.055805681;4.888121867
0.644822411;0.087890583;4.01628568;0.644822411;0.130181526;4.012812952;5.059730996;4.891916993
0.645322661;0.087844938;4.016600188;0.645322661;0.130113231;4.013131988;5.063656311;4.895712119
0.645822911;0.087802674;4.016922424;0.645822911;0.13004581;4.013451188;5.067581626;4.899507244
0.646323162;0.087758134;4.017242185;0.646323162;0.129972673;4.013771099;5.071506941;4.90330237
0.646823412;0.0877127;4.017567065;0.646823412;0.129899111;4.014094829;5.075432256;4.907097496
0.647323662;0.087662876;4.017893033;0.647323662;0.129823102;4.014420237;5.079357571;4.910892621
0.647823912;0.087612269;4.018224065;0.647823912;0.129747537;4.014749307;5.083282886;4.914687747
0.648324162;0.087559208;4.018553726;0.648324162;0.129666423;4.015077138;5.087208201;4.918482873
0.648824412;0.087498937;4.01888322;0.648824412;0.129583922;4.015408824;5.091133516;4.922277998
0.649324662;0.087441268;4.019216267;0.649324662;0.129496898;4.015739314;5.095058831;4.926073124
0.649824912;0.087382586;4.019552099;0.649824912;0.129411458;4.016072933;5.098984146;4.92986825
0.650325163;0.087319985;4.019890833;0.650325163;0.129323306;4.016411861;5.10290946;4.933663375
0.650825413;0.087257923;4.020233428;0.650825413;0.129231239;4.0167518;5.106834775;4.937458501
0.651325663;0.087191437;4.020574371;0.651325663;0.129136647;4.017091675;5.11076009;4.941253627
0.651825913;0.087123401;4.020920776;0.651825913;0.129039099;4.017433402;5.114685405;4.945048752
0.652326163;0.087059084;4.021267404;0.652326163;0.128938787;4.017778469;5.11861072;4.948843878
0.652826413;0.086990483;4.021617679;0.652826413;0.128835993;4.018127694;5.122536035;4.952639004
0.653326663;0.086924747;4.021972063;0.653326663;0.128727834;4.018477248;5.12646135;4.956434129
0.653826913;0.08685417;4.02232322;0.653826913;0.128618965;4.018830282;5.130386665;4.960229255
0.654327164;0.086785432;4.02268107;0.654327164;0.128505054;4.019183829;5.13431198;4.964024381
0.654827414;0.086719265;4.023039981;0.654827414;0.128387451;4.019538831;5.138237295;4.967819506
0.655327664;0.086647508;4.02339855;0.655327664;0.128267957;4.019897856;5.14216261;4.971614632
0.655827914;0.086581517;4.023765806;0.655827914;0.128145619;4.020259895;5.146087925;4.975409758
0.656328164;0.086511761;4.024129804;0.656328164;0.128017505;4.02062521;5.15001324;4.979204883
0.656828414;0.086444407;4.024496797;0.656828414;0.127887039;4.020991139;5.153938555;4.983000009
0.657328664;0.086376585;4.024863877;0.657328664;0.127750506;4.021357976;5.15786387;4.986795135
0.657828914;0.086310535;4.02523697;0.657828914;0.127610547;4.02172767;5.161789185;4.99059026
0.658329165;0.086247088;4.025613665;0.658329165;0.127468243;4.02210241;5.1657145;4.994385386
0.658829415;0.086180528;4.025991453;0.658829415;0.127318488;4.022475867;5.169639815;4.998180512
0.659329665;0.086118159;4.026370466;0.659329665;0.127164229;4.022853991;5.17356513;5.001975637
0.659829915;0.086056134;4.02675098;0.659829915;0.127005431;4.023235944;5.177490445;5.005770763
0.660330165;0.085997128;4.027134843;0.660330165;0.126844152;4.023620365;5.18141576;5.009565889
0.660830415;0.085942473;4.027523442;0.660830415;0.126673231;4.024005764;5.185341075;5.013361014
0.661330665;0.085885669;4.027913536;0.661330665;0.126499738;4.024393755;5.18926639;5.01715614
0.661830915;0.085828102;4.028300829;0.661830915;0.126318246;4.024783909;5.193191705;5.020951266
0.662331166;0.085773658;4.028694973;0.662331166;0.126131205;4.025176628;5.19711702;5.024746391
0.662831416;0.085721308;4.029092753;0.662831416;0.12594112;4.025576637;5.201042335;5.028541517
0.663331666;0.085670991;4.029494556;0.663331666;0.125742391;4.025975636;5.20496765;5.032336643
0.663831916;0.085620215;4.02989547;0.663831916;0.12553486;4.026373806;5.208892965;5.036131768
0.664332166;0.085568213;4.030296006;0.664332166;0.125324838;4.026779502;5.21281828;5.039926894
0.664832416;0.085521061;4.030704701;0.664832416;0.125107393;4.027186734;5.216743595;5.04372202
0.665332666;0.085475618;4.031113803;0.665332666;0.124883665;4.027598837;5.22066891;5.047517145
0.665832916;0.085428051;4.03152462;0.665832916;0.124650363;4.028012034;5.224594225;5.051312271
0.666333167;0.085384261;4.031939209;0.666333167;0.124409542;4.028427755;5.22851954;5.055107397
0.666833417;0.085339149;4.032354972;0.666833417;0.124163842;4.028844996;5.232444854;5.058902522
0.667333667;0.085301446;4.032777852;0.667333667;0.12390332;4.029263628;5.236370169;5.062697648
0.667833917;0.085259091;4.033198736;0.667833917;0.123645913;4.029692868;5.240295484;5.066492774
0.668334167;0.085218828;4.033623676;0.668334167;0.123373263;4.030117836;5.244220799;5.070287899
0.668834417;0.085180352;4.034053733;0.668834417;0.123093732;4.03054917;5.248146114;5.074083025
0.669334667;0.08514247;4.03448224;0.669334667;0.122805646;4.030981497;5.252071429;5.077878151
0.669834917;0.085106657;4.034917614;0.669834917;0.122513259;4.031421923;5.255996744;5.081673277
0.670335168;0.085070547;4.035354884;0.670335168;0.122209861;4.031861024;5.259922059;5.085468402
0.670835418;0.08503429;4.03579533;0.670835418;0.121897868;4.032305345;5.263847374;5.089263528
0.671335668;0.085000057;4.036236682;0.671335668;0.121576821;4.032750495;5.267772689;5.093058654
0.671835918;0.084964929;4.036680824;0.671835918;0.121249006;4.033199442;5.271698004;5.096853779
0.672336168;0.084936753;4.037135457;0.672336168;0.12091088;4.033650433;5.275623319;5.100648905
0.672836418;0.084905203;4.037584836;0.672836418;0.120568301;4.034106482;5.279548634;5.104444031
0.673336668;0.08487433;4.038036961;0.673336668;0.120220208;4.034566568;5.283473949;5.108239156
0.673836918;0.084845019;4.038495028;0.673836918;0.119863377;4.035029236;5.287399264;5.112034282
0.674337169;0.084810467;4.038950187;0.674337169;0.119497958;4.035490848;5.291324579;5.115829408
0.674837419;0.08478539;4.039417107;0.674837419;0.119128082;4.035955922;5.295249894;5.119624533
0.675337669;0.084757319;4.039882529;0.675337669;0.118752242;4.036426101;5.299175209;5.123419659
0.675837919;0.084727083;4.04034762;0.675837919;0.118376342;4.036901777;5.303100524;5.127214785
0.676338169;0.084700327;4.040818573;0.676338169;0.117990894;4.037374899;5.307025839;5.13100991
0.676838419;0.084675106;4.041294165;0.676838419;0.117603889;4.037853946;5.310951154;5.134805036
0.677338669;0.084646305;4.0417678;0.677338669;0.117213459;4.038334846;5.314876469;5.138600162
0.677838919;0.084625208;4.042251217;0.677838919;0.11682485;4.038824354;5.318801784;5.142395287
0.67833917;0.084602027;4.042732958;0.67833917;0.116429515;4.039309216;5.322727099;5.146190413
0.67883942;0.084577551;4.043217918;0.67883942;0.116035548;4.039799251;5.326652414;5.149985539
0.67933967;0.084553756;4.043709369;0.67933967;0.115640289;4.040292482;5.330577729;5.153780664
0.67983992;0.084531951;4.044200849;0.67983992;0.115244936;4.04078744;5.334503044;5.15757579
0.68034017;0.084512715;4.044698163;0.68034017;0.114850102;4.04128681;5.338428359;5.161370916
0.68084042;0.084489759;4.04519244;0.68084042;0.114458389;4.041787558;5.342353674;5.165166041
0.68134067;0.084472861;4.045698439;0.68134067;0.114069801;4.04229281;5.346278989;5.168961167
0.68184092;0.084452233;4.046200953;0.68184092;0.11368277;4.042798299;5.350204304;5.172756293
0.682341171;0.084432521;4.046706186;0.682341171;0.113301939;4.043310137;5.354129619;5.176551418
0.682841421;0.084414438;4.047215386;0.682841421;0.112921489;4.043823476;5.358054934;5.180346544
0.683341671;0.08439562;4.047727676;0.683341671;0.112544903;4.044338486;5.361980248;5.18414167
0.683841921;0.084375381;4.048241033;0.683841921;0.112173438;4.044854981;5.365905563;5.187936795
0.684342171;0.084360893;4.048759886;0.684342171;0.111807049;4.045375239;5.369830878;5.191731921
0.684842421;0.084343768;4.049280383;0.684842421;0.111446189;4.045900517;5.373756193;5.195527047
0.685342671;0.084329467;4.049805698;0.685342671;0.11108727;4.046421943;5.377681508;5.199322172
0.685842921;0.084316114;4.050333186;0.685842921;0.110738264;4.046951515;5.381606823;5.203117298
0.686343172;0.084302685;4.050865959;0.686343172;0.110395372;4.047482599;5.385532138;5.206912424
0.686843422;0.08428984;4.051397647;0.686843422;0.110055402;4.048015712;5.389457453;5.210707549
0.687343672;0.084276154;4.051933456;0.687343672;0.109725087;4.048552302;5.393382768;5.214502675
0.687843922;0.08426585;4.052477078;0.687843922;0.109395907;4.049083791;5.397308083;5.218297801
0.688344172;0.084254183;4.053020085;0.688344172;0.109079803;4.04962934;5.401233398;5.222092926
0.688844422;0.084244796;4.053566433;0.688844422;0.108765384;4.050170201;5.405158713;5.225888052
0.689344672;0.084230197;4.054111098;0.689344672;0.108461303;4.050719155;5.409084028;5.229683178
0.689844922;0.084219752;4.054663138;0.689844922;0.108162737;4.051268233;5.413009343;5.233478303
0.690345173;0.08421465;4.055219056;0.690345173;0.107872439;4.051821185;5.416934658;5.237273429
0.690845423;0.0842055;4.055777027;0.690845423;0.107584234;4.05237184;5.420859973;5.241068555
0.691345673;0.084194675;4.056336446;0.691345673;0.107305455;4.052929734;5.424785288;5.24486368
0.691845923;0.084184121;4.056898569;0.691845923;0.107033379;4.053490834;5.428710603;5.248658806
0.692346173;0.084175689;4.057462011;0.692346173;0.106766629;4.054051252;5.432635918;5.252453932
0.692846423;0.084170975;4.058035799;0.692846423;0.106510288;4.054615914;5.436561233;5.256249057
0.693346673;0.084164931;4.05860898;0.693346673;0.106257535;4.055183002;5.440486548;5.260044183
0.693846923;0.084158124;4.05918478;0.693846923;0.10600968;4.055752326;5.444411863;5.263839309
0.694347174;0.084153202;4.059762561;0.694347174;0.105766292;4.056322106;5.448337178;5.267634434
0.694847424;0.084151337;4.060346988;0.694847424;0.105533908;4.05689961;5.452262493;5.27142956
0.695347674;0.084144079;4.060927508;0.695347674;0.105304545;4.057476952;5.456187808;5.275224686
0.695847924;0.084139689;4.061514864;0.695847924;0.105078052;4.058053799;5.460113123;5.279019812
0.696348174;0.084134553;4.062104668;0.696348174;0.10485681;4.058632144;5.464038438;5.282814937
0.696848424;0.084131217;4.062695486;0.696848424;0.104645301;4.059219915;5.467963753;5.286610063
0.697348674;0.084126701;4.063290731;0.697348674;0.104437389;4.059805151;5.471889068;5.290405189
0.697848924;0.084120619;4.063886319;0.697848924;0.104238427;4.060397692;5.475814383;5.294200314
0.698349175;0.08412021;4.064490092;0.698349175;0.104036988;4.060986349;5.479739698;5.29799544
0.698849425;0.084115976;4.065091765;0.698849425;0.103847104;4.061584162;5.483665013;5.301790566
0.699349675;0.084117162;4.065701201;0.699349675;0.10366032;4.062179723;5.487590328;5.305585691
0.699849925;0.084111252;4.066308749;0.699849925;0.103476734;4.06277959;5.491515642;5.309380817
0.700350175;0.084110211;4.066921614;0.700350175;0.103300174;4.063382235;5.495440957;5.313175943
0.700850425;0.084109211;4.067535515;0.700850425;0.103127175;4.063987666;5.499366272;5.316971068
0.701350675;0.084106929;4.06815354;0.701350675;0.102957003;4.064595436;5.503291587;5.320766194
0.701850925;0.084106871;4.068772975;0.701850925;0.102794287;4.065207191;5.507216902;5.32456132
0.702351176;0.084106236;4.069395096;0.702351176;0.102632853;4.065817434;5.511142217;5.328356445
0.702851426;0.084103997;4.07001734;0.702851426;0.102473312;4.066429809;5.515067532;5.332151571
0.703351676;0.084105991;4.070647115;0.703351676;0.102321751;4.067047196;5.518992847;5.335946697
0.703851926;0.084099458;4.071271528;0.703851926;0.10217294;4.067668218;5.522918162;5.339741822
0.704352176;0.084102602;4.071905607;0.704352176;0.102024869;4.068287148;5.526843477;5.343536948
0.704852426;0.084099929;4.07253799;0.704852426;0.101881463;4.068908991;5.530768792;5.347332074
0.705352676;0.084103485;4.073178803;0.705352676;0.101743073;4.069535508;5.534694107;5.351127199
0.705852926;0.08409975;4.073813556;0.705852926;0.101607505;4.070163555;5.538619422;5.354922325
0.706353177;0.084102415;4.07445604;0.706353177;0.101475343;4.070793109;5.542544737;5.358717451
0.706853427;0.084103829;4.075100232;0.706853427;0.101346858;4.071425217;5.546470052;5.362512576
0.707353677;0.084102469;4.07574459;0.707353677;0.101217669;4.072058726;5.550395367;5.366307702
0.707853927;0.084099336;4.076389782;0.707853927;0.101095672;4.072696222;5.554320682;5.370102828
0.708354177;0.084100201;4.077039181;0.708354177;0.100973784;4.073334846;5.558245997;5.373897953
0.708854427;0.084100869;4.077687189;0.708854427;0.100852542;4.073971652;5.562171312;5.377693079
0.709354677;0.084100184;4.078341068;0.709354677;0.100738366;4.074613343;5.566096627;5.381488205
0.709854927;0.084101542;4.07899447;0.709854927;0.10062607;4.07525629;5.570021942;5.38528333
0.710355178;0.08410339;4.079653587;0.710355178;0.100516003;4.075902682;5.573947257;5.389078456
0.710855428;0.084104267;4.08031409;0.710855428;0.100409227;4.076551628;5.577872572;5.392873582
0.711355678;0.084103094;4.080971207;0.711355678;0.100302794;4.077199092;5.581797887;5.396668707
0.711855928;0.084105742;4.081636974;0.711855928;0.100201502;4.077854836;5.585723202;5.400463833
0.712356178;0.084108295;4.082301515;0.712356178;0.100100592;4.078504343;5.589648517;5.404258959
0.712856428;0.084109234;4.082965204;0.712856428;0.099999773;4.079155205;5.593573832;5.408054084
0.713356678;0.084107935;4.08362913;0.713356678;0.099903994;4.07981141;5.597499147;5.41184921
0.713856928;0.084109544;4.084296672;0.713856928;0.099812386;4.080470496;5.601424462;5.415644336
0.714357179;0.084108567;4.084965795;0.714357179;0.099715706;4.081124865;5.605349777;5.419439461
0.714857429;0.084110245;4.085635338;0.714857429;0.099626144;4.081784779;5.609275092;5.423234587
0.715357679;0.08411237;4.086305094;0.715357679;0.099539242;4.082447617;5.613200407;5.427029713
0.715857929;0.08411165;4.086977697;0.715857929;0.09945242;4.083111362;5.617125722;5.430824838
0.716358179;0.084115061;4.087652555;0.716358179;0.099367307;4.083773921;5.621051036;5.434619964
0.716858429;0.084114641;4.088325448;0.716858429;0.099282218;4.084435404;5.624976351;5.43841509
0.717358679;0.084113817;4.088998147;0.717358679;0.099201063;4.085101215;5.628901666;5.442210215
0.717858929;0.084117835;4.089678776;0.717858929;0.099121103;4.085768389;5.632826981;5.446005341
0.71835918;0.084123102;4.090357591;0.71835918;0.099040556;4.086432953;5.636752296;5.449800467
0.71885943;0.08412345;4.091034706;0.71885943;0.098964132;4.087101746;5.640677611;5.453595592
0.71935968;0.084119704;4.091707487;0.71935968;0.098889121;4.087770266;5.644602926;5.457390718
0.71985993;0.08412171;4.09238646;0.71985993;0.098812098;4.08843494;5.648528241;5.461185844
0.72036018;0.084124342;4.0930638;0.72036018;0.098739494;4.089104988;5.652453556;5.46498097
0.72086043;0.084123283;4.093745002;0.72086043;0.098666277;4.089770667;5.656378871;5.468776095
0.72136068;0.084126684;4.09442418;0.72136068;0.098596886;4.090439729;5.660304186;5.472571221
0.72186093;0.084130945;4.095108425;0.72186093;0.098527789;4.091107701;5.664229501;5.476366347
0.722361181;0.084130123;4.095783304;0.722361181;0.098459165;4.091774412;5.668154816;5.480161472
0.722861431;0.084133534;4.096464872;0.722861431;0.098391686;4.092444244;5.672080131;5.483956598
0.723361681;0.084133524;4.097141958;0.723361681;0.0983267;4.093114109;5.676005446;5.487751724
0.723861931;0.084135599;4.097822729;0.723861931;0.098263539;4.093785388;5.679930761;5.491546849
0.724362181;0.084137866;4.098501614;0.724362181;0.098202274;4.094456253;5.683856076;5.495341975
0.724862431;0.084136104;4.099175884;0.724862431;0.098138188;4.095122956;5.687781391;5.499137101
0.725362681;0.084137358;4.099853413;0.725362681;0.098079195;4.095792028;5.691706706;5.502932226
0.725862931;0.084140224;4.100531536;0.725862931;0.098016654;4.09645657;5.695632021;5.506727352
0.726363182;0.084140383;4.101206439;0.726363182;0.097960155;4.097124626;5.699557336;5.510522478
0.726863432;0.08414046;4.101881826;0.726863432;0.097899494;4.097786708;5.703482651;5.514317603
0.727363682;0.084141661;4.102556494;0.727363682;0.097846195;4.098456721;5.707407966;5.518112729
0.727863932;0.084142933;4.103228448;0.727863932;0.097790224;4.099120169;5.711333281;5.521907855
0.728364182;0.084143702;4.103899497;0.728364182;0.097738657;4.099785383;5.715258596;5.52570298
0.728864432;0.084143333;4.104568754;0.728864432;0.097683616;4.100445597;5.719183911;5.529498106
0.729364682;0.084145192;4.1052421;0.729364682;0.097632378;4.101108149;5.723109226;5.533293232
0.729864932;0.084146894;4.1059094;0.729864932;0.097578835;4.101765927;5.727034541;5.537088357
0.730365183;0.084149167;4.106578608;0.730365183;0.097528399;4.102421526;5.730959856;5.540883483
0.730865433;0.084146816;4.107242052;0.730865433;0.097480225;4.103081358;5.734885171;5.544678609
0.731365683;0.084146312;4.107907102;0.731365683;0.097429096;4.103737354;5.738810486;5.548473734
0.731865933;0.084148607;4.108570807;0.731865933;0.097381289;4.104392032;5.742735801;5.55226886
0.732366183;0.084147938;4.109232604;0.732366183;0.097335734;4.105044897;5.746661116;5.556063986
0.732866433;0.084145009;4.109887226;0.732866433;0.097284732;4.105690609;5.75058643;5.559859111
0.733366683;0.084147788;4.110546103;0.733366683;0.09724316;4.106344127;5.754511745;5.563654237
0.733866933;0.08415326;4.111207623;0.733866933;0.097198175;4.106989317;5.75843706;5.567449363
0.734367184;0.0841517;4.111858661;0.734367184;0.097152907;4.107634033;5.762362375;5.571244488
0.734867434;0.084154657;4.112513377;0.734867434;0.097109966;4.108278649;5.76628769;5.575039614
0.735367684;0.084151999;4.113159971;0.735367684;0.097067779;4.108920454;5.770213005;5.57883474
0.735867934;0.084153319;4.113810733;0.735867934;0.097027427;4.109561606;5.77413832;5.582629865
0.736368184;0.084156664;4.114460547;0.736368184;0.096984982;4.110196601;5.778063635;5.586424991
0.736868434;0.084155109;4.115103826;0.736868434;0.096944527;4.110831159;5.78198895;5.590220117
0.737368684;0.084159167;4.115749497;0.737368684;0.096905195;4.111462736;5.785914265;5.594015242
0.737868934;0.084156085;4.116384841;0.737868934;0.096866135;4.112093709;5.78983958;5.597810368
0.738369185;0.084156988;4.11702239;0.738369185;0.096828205;4.11271973;5.793764895;5.601605494
0.738869435;0.084157054;4.117655828;0.738869435;0.096791266;4.113345841;5.79769021;5.605400619
0.739369685;0.084159973;4.118290247;0.739369685;0.096751662;4.113964531;5.801615525;5.609195745
0.739869935;0.084160915;4.118922423;0.739869935;0.096715228;4.11458424;5.80554084;5.612990871
0.740370185;0.084162186;4.119549202;0.740370185;0.096680122;4.115204501;5.809466155;5.616785996
0.740870435;0.084163013;4.120173761;0.740870435;0.096643966;4.115815761;5.81339147;5.620581122
0.741370685;0.084164501;4.120796506;0.741370685;0.096610456;4.116426321;5.817316785;5.624376248
0.741870935;0.084163411;4.121415552;0.741870935;0.096577283;4.117035702;5.8212421;5.628171373
0.742371186;0.084164544;4.122035455;0.742371186;0.0965411;4.117638036;5.825167415;5.631966499
0.742871436;0.084164235;4.122650149;0.742871436;0.096513136;4.118247474;5.82909273;5.635761625
0.743371686;0.084163671;4.12326213;0.743371686;0.096478297;4.11884313;5.833018045;5.63955675
0.743871936;0.084163821;4.123873536;0.743871936;0.096446878;4.119440724;5.83694336;5.643351876
0.744372186;0.084163721;4.124479031;0.744372186;0.096414782;4.12003508;5.840868675;5.647147002
0.744872436;0.084164678;4.125084505;0.744872436;0.096383964;4.120626433;5.84479399;5.650942127
0.745372686;0.08416657;4.125686844;0.745372686;0.09635331;4.121214488;5.848719305;5.654737253
0.745872936;0.084163511;4.126285132;0.745872936;0.096321714;4.121798631;5.85264462;5.658532379
0.746373187;0.084163599;4.126882638;0.746373187;0.096292689;4.122383604;5.856569935;5.662327505
0.746873437;0.084161892;4.127472433;0.746873437;0.096264487;4.122963043;5.86049525;5.66612263
0.747373687;0.08416087;4.128062884;0.747373687;0.096236073;4.123536364;5.864420565;5.669917756
0.747873937;0.084158123;4.128646417;0.747873937;0.096207646;4.124109131;5.86834588;5.673712882
0.748374187;0.084160517;4.12923547;0.748374187;0.096181163;4.124680216;5.872271195;5.677508007
0.748874437;0.084161243;4.12982;0.748874437;0.096153177;4.125245615;5.87619651;5.681303133
0.749374687;0.084161214;4.130399472;0.749374687;0.096124462;4.125805209;5.880121824;5.685098259
0.749874937;0.08416153;4.130975644;0.749874937;0.096099632;4.126367581;5.884047139;5.688893384
0.750375188;0.084159161;4.131546608;0.750375188;0.096071593;4.126922009;5.887972454;5.69268851
0.750875438;0.084157439;4.132116953;0.750875438;0.096044983;4.127474123;5.891897769;5.696483636
0.751375688;0.084159959;4.132684827;0.751375688;0.096017778;4.128022287;5.895823084;5.700278761
0.751875938;0.084158637;4.133248538;0.751875938;0.095992597;4.128569472;5.899748399;5.704073887
0.752376188;0.084157142;4.133808511;0.752376188;0.095967573;4.129111595;5.903673714;5.707869013
0.752876438;0.084159011;4.134367726;0.752876438;0.095942937;4.12965016;5.907599029;5.711664138
0.753376688;0.084156527;4.13492203;0.753376688;0.095919118;4.130185312;5.911524344;5.715459264
0.753876938;0.084154171;4.135470851;0.753876938;0.095895029;4.130719059;5.915449659;5.71925439
0.754377189;0.084155111;4.136021521;0.754377189;0.095873227;4.131250545;5.919374974;5.723049515
0.754877439;0.084150329;4.136563297;0.754877439;0.095849561;4.131774105;5.923300289;5.726844641
0.755377689;0.084151083;4.137106807;0.755377689;0.095823424;4.13229278;5.927225604;5.730639767
0.755877939;0.084151284;4.137645539;0.755877939;0.095802841;4.132811492;5.931150919;5.734434892
0.756378189;0.084154358;4.138185316;0.756378189;0.095780014;4.133325309;5.935076234;5.738230018
0.756878439;0.084150131;4.138715309;0.756878439;0.095752625;4.133831154;5.939001549;5.742025144
0.757378689;0.084152286;4.139246655;0.757378689;0.095731933;4.134340269;5.942926864;5.745820269
0.757878939;0.084152286;4.139775182;0.757878939;0.095712464;4.134846658;5.946852179;5.749615395
0.75837919;0.084152372;4.140296781;0.75837919;0.095690536;4.135346093;5.950777494;5.753410521
0.75887944;0.084152487;4.140816553;0.75887944;0.095665873;4.13583772;5.954702809;5.757205646
0.75937969;0.084151894;4.141332134;0.75937969;0.095648104;4.136335011;5.958628124;5.761000772
0.75987994;0.084156314;4.141847782;0.75987994;0.095627936;4.13682529;5.962553439;5.764795898
0.76038019;0.084156572;4.142358275;0.76038019;0.09560613;4.137307628;5.966478754;5.768591023
0.76088044;0.084154081;4.14286168;0.76088044;0.095589347;4.137793729;5.970404069;5.772386149
0.76138069;0.084152501;4.143363693;0.76138069;0.095570113;4.13827192;5.974329384;5.776181275
0.76188094;0.084151488;4.143860332;0.76188094;0.095546398;4.138741338;5.978254699;5.7799764
0.762381191;0.084153779;4.144361443;0.762381191;0.095527158;4.139212765;5.982180014;5.783771526
0.762881441;0.084153084;4.144852346;0.762881441;0.095510394;4.139681685;5.986105329;5.787566652
0.763381691;0.084152192;4.145341077;0.763381691;0.095490673;4.140141414;5.990030644;5.791361777
0.763881941;0.084152231;4.14582546;0.763881941;0.095469802;4.140596371;5.993955959;5.795156903
0.764382191;0.084152976;4.146305352;0.764382191;0.095453666;4.141053114;5.997881274;5.798952029
0.764882441;0.084152026;4.146781535;0.764882441;0.095435207;4.141501076;6.001806589;5.802747154
0.765382691;0.0841541;4.147258021;0.765382691;0.095415804;4.14194793;6.005731904;5.80654228
0.765882941;0.084152172;4.14772276;0.765882941;0.095397785;4.142389559;6.009657218;5.810337406
0.766383192;0.084153902;4.148188773;0.766383192;0.095377205;4.142823233;6.013582533;5.814132531
0.766883442;0.084150952;4.148648006;0.766883442;0.095362676;4.143258355;6.017507848;5.817927657
0.767383692;0.084150077;4.149101302;0.767383692;0.095347379;4.143690057;6.021433163;5.821722783
0.767883942;0.084147969;4.149553113;0.767883942;0.09533013;4.144113188;6.025358478;5.825517908
0.768384192;0.084149385;4.15000218;0.768384192;0.095314765;4.144534361;6.029283793;5.829313034
0.768884442;0.084148223;4.1504462;0.768884442;0.095298143;4.144951335;6.033209108;5.83310816
0.769384692;0.084147122;4.150885693;0.769384692;0.095280237;4.14536305;6.037134423;5.836903285
0.769884942;0.084148179;4.151319239;0.769884942;0.095263298;4.145768573;6.041059738;5.840698411
0.770385193;0.084146198;4.151747296;0.770385193;0.09524798;4.146171996;6.044985053;5.844493537
0.770885443;0.084142045;4.152169299;0.770885443;0.095229649;4.146569143;6.048910368;5.848288663
0.771385693;0.084144594;4.152593612;0.771385693;0.095212776;4.146961952;6.052835683;5.852083788
0.771885943;0.084143512;4.153009931;0.771885943;0.095197021;4.147353199;6.056760998;5.855878914
0.772386193;0.084143491;4.153419603;0.772386193;0.095182102;4.147738919;6.060686313;5.85967404
0.772886443;0.084146021;4.153828333;0.772886443;0.095164996;4.148114887;6.064611628;5.863469165
0.773386693;0.084141763;4.154225108;0.773386693;0.09515;4.148491543;6.068536943;5.867264291
0.773886943;0.084140657;4.154623512;0.773886943;0.095135215;4.148864907;6.072462258;5.871059417
0.774387194;0.084138997;4.155012253;0.774387194;0.095117703;4.149225842;6.076387573;5.874854542
0.774887444;0.084141748;4.155402085;0.774887444;0.095102501;4.149586423;6.080312888;5.878649668
0.775387694;0.084141165;4.155785603;0.775387694;0.095086906;4.149943963;6.084238203;5.882444794
0.775887944;0.084137818;4.156160487;0.775887944;0.095070513;4.150294071;6.088163518;5.886239919
0.776388194;0.084139828;4.156536244;0.776388194;0.095059809;4.150646209;6.092088833;5.890035045
0.776888444;0.08413682;4.156898392;0.776888444;0.095043839;4.150984965;6.096014148;5.893830171
0.777388694;0.084137219;4.15725968;0.777388694;0.095025472;4.151318513;6.099939463;5.897625296
0.777888944;0.084136343;4.157614847;0.777888944;0.09501139;4.151651608;6.103864778;5.901420422
0.778389195;0.084137398;4.15796459;0.778389195;0.094995723;4.151976875;6.107790093;5.905215548
0.778889445;0.084135747;4.15830657;0.778889445;0.094980433;4.152298943;6.111715408;5.909010673
0.779389695;0.08413313;4.158643284;0.779389695;0.0949667;4.152616387;6.115640723;5.912805799
0.779889945;0.084130808;4.158974876;0.779889945;0.094952637;4.152928464;6.119566038;5.916600925
0.780390195;0.084128298;4.159301444;0.780390195;0.094937114;4.153234748;6.123491353;5.92039605
0.780890445;0.084130039;4.159625339;0.780890445;0.094923169;4.153537896;6.127416668;5.924191176
0.781390695;0.084131754;4.159943996;0.781390695;0.094908672;4.153836126;6.131341983;5.927986302
0.781890945;0.084130025;4.160254652;0.781890945;0.094891586;4.154125321;6.135267297;5.931781427
0.782391196;0.084130425;4.160560571;0.782391196;0.094877954;4.154412819;6.139192612;5.935576553
0.782891446;0.084127663;4.160858505;0.782891446;0.09486202;4.154693214;6.143117927;5.939371679
0.783391696;0.084127251;4.16115145;0.783391696;0.094847316;4.15497139;6.147043242;5.943166804
0.783891946;0.084126271;4.161437759;0.783891946;0.094831842;4.155244436;6.150968557;5.94696193
0.784392196;0.084124014;4.161718421;0.784392196;0.094818028;4.155511483;6.154893872;5.950757056
0.784892446;0.084125196;4.161997607;0.784892446;0.094801221;4.155772908;6.158819187;5.954552181
0.785392696;0.084123111;4.162265616;0.785392696;0.094789511;4.156035441;6.162744502;5.958347307
0.785892946;0.084125874;4.1625338;0.785892946;0.094773604;4.156285842;6.166669817;5.962142433
0.786393197;0.084124198;4.162792064;0.786393197;0.094759292;4.156535693;6.170595132;5.965937558
0.786893447;0.084122314;4.16304365;0.786893447;0.094748319;4.156783205;6.174520447;5.969732684
0.787393697;0.084120415;4.163289884;0.787393697;0.094727571;4.157013938;6.178445762;5.97352781
0.787893947;0.084123236;4.163533842;0.787893947;0.094714934;4.157249619;6.182371077;5.977322935
0.788394197;0.084122251;4.163768956;0.788394197;0.094702046;4.157479878;6.186296392;5.981118061
0.788894447;0.084119036;4.163997028;0.788894447;0.094688305;4.157706367;6.190221707;5.984913187
0.789394697;0.084118798;4.164222818;0.789394697;0.094671592;4.157925877;6.194147022;5.988708312
0.789894947;0.08411605;4.164439396;0.789894947;0.094659044;4.15814458;6.198072337;5.992503438
0.790395198;0.08411845;4.164658176;0.790395198;0.094644003;4.158355437;6.201997652;5.996298564
0.790895448;0.084115696;4.164866126;0.790895448;0.09462784;4.158559418;6.205922967;6.000093689
0.791395698;0.084116863;4.165074319;0.791395698;0.094613765;4.158762547;6.209848282;6.003888815
0.791895948;0.084112096;4.16526877;0.791895948;0.094596183;4.158957188;6.213773597;6.007683941
0.792396198;0.084113176;4.165465425;0.792396198;0.094584532;4.159154803;6.217698912;6.011479066
0.792896448;0.084114932;4.165656273;0.792896448;0.094568097;4.159342487;6.221624227;6.015274192
0.793396698;0.084115245;4.165839609;0.793396698;0.094553058;4.159529186;6.225549542;6.019069318
0.793896948;0.084115152;4.166019807;0.793896948;0.094537382;4.159709414;6.229474857;6.022864443
0.794397199;0.084115585;4.166195322;0.794397199;0.094527076;4.159894211;6.233400172;6.026659569
0.794897449;0.084112278;4.166361606;0.794897449;0.094509639;4.1600641;6.237325487;6.030454695
0.795397699;0.084110107;4.166527332;0.795397699;0.094495778;4.16023691;6.241250802;6.03424982
0.795897949;0.084110019;4.16669103;0.795897949;0.094482099;4.160402895;6.245176117;6.038044946
0.796398199;0.084108899;4.16684847;0.796398199;0.09446714;4.160565652;6.249101432;6.041840072
0.796898449;0.084107466;4.167001617;0.796898449;0.094453024;4.160726461;6.253026747;6.045635198
0.797398699;0.084106976;4.167151818;0.797398699;0.094437465;4.160882241;6.256952062;6.049430323
0.797898949;0.084101465;4.167291381;0.797898949;0.09442136;4.161034804;6.260877377;6.053225449
0.7983992;0.084104244;4.167436988;0.7983992;0.094404834;4.161181229;6.264802691;6.057020575
0.79889945;0.08410195;4.167572588;0.79889945;0.094392107;4.161329881;6.268728006;6.0608157
0.7993997;0.084100523;4.167705928;0.7993997;0.094379575;4.161477261;6.272653321;6.064610826
0.79989995;0.084102958;4.167841209;0.79989995;0.094361951;4.161614152;6.276578636;6.068405952
0.8004002;0.08409947;4.167965936;0.8004002;0.094347514;4.161751765;6.280503951;6.072201077
0.80090045;0.084096943;4.168089504;0.80090045;0.094330896;4.1618845;6.284429266;6.075996203
0.8014007;0.084096942;4.168212782;0.8014007;0.094316241;4.162016062;6.288354581;6.079791329
0.80190095;0.084097547;4.168332476;0.80190095;0.094302701;4.162145349;6.292279896;6.083586454
0.802401201;0.084094749;4.168446165;0.802401201;0.094287161;4.162268541;6.296205211;6.08738158
0.802901451;0.084091268;4.168556659;0.802901451;0.094271313;4.162391548;6.300130526;6.091176706
0.803401701;0.084090908;4.168667404;0.803401701;0.094258416;4.162515483;6.304055841;6.094971831
0.803901951;0.084088971;4.168774815;0.803901951;0.09424465;4.162634822;6.307981156;6.098766957
0.804402201;0.084087541;4.1688784;0.804402201;0.094229498;4.162751589;6.311906471;6.102562083
0.804902451;0.08408648;4.168982172;0.804902451;0.094215343;4.162861664;6.315831786;6.106357208
0.805402701;0.084084392;4.169079711;0.805402701;0.094200261;4.162972605;6.319757101;6.110152334
0.805902951;0.08408326;4.169177686;0.805902951;0.094187227;4.163083273;6.323682416;6.11394746
0.806403202;0.084079771;4.169272247;0.806403202;0.09417172;4.163188536;6.327607731;6.117742585
0.806903452;0.084080694;4.169367554;0.806903452;0.094155971;4.163292936;6.331533046;6.121537711
0.807403702;0.084077267;4.169458429;0.807403702;0.094141104;4.163394593;6.335458361;6.125332837
0.807903952;0.084077857;4.169549849;0.807903952;0.094127464;4.163497064;6.339383676;6.129127962
0.808404202;0.084073811;4.169633377;0.808404202;0.094112624;4.163593158;6.343308991;6.132923088
0.808904452;0.084072498;4.169720666;0.808904452;0.094102349;4.163691947;6.347234306;6.136718214
0.809404702;0.08407165;4.169804667;0.809404702;0.094086035;4.163782993;6.351159621;6.140513339
0.809904952;0.084067158;4.169884204;0.809904952;0.094073717;4.163877229;6.355084936;6.144308465
0.810405203;0.084065981;4.169966819;0.810405203;0.094060159;4.163967007;6.359010251;6.148103591
0.810905453;0.084060548;4.17004252;0.810905453;0.094045902;4.164057236;6.362935566;6.151898716
0.811405703;0.084059424;4.170120307;0.811405703;0.094032607;4.16414544;6.366860881;6.155693842
0.811905953;0.084055083;4.170195858;0.811905953;0.094019752;4.164231348;6.370786196;6.159488968
0.812406203;0.084051955;4.170269356;0.812406203;0.094004003;4.164315319;6.374711511;6.163284093
0.812906453;0.084050063;4.170345284;0.812906453;0.093990663;4.164398644;6.378636826;6.167079219
0.813406703;0.084045679;4.170415722;0.813406703;0.093978989;4.164481333;6.382562141;6.170874345
0.813906953;0.084041755;4.170485262;0.813906953;0.093965839;4.164559881;6.386487456;6.17466947
0.814407204;0.084040214;4.170556682;0.814407204;0.093951201;4.164637863;6.390412771;6.178464596
0.814907454;0.084036569;4.170626064;0.814907454;0.093934994;4.164714766;6.394338085;6.182259722
0.815407704;0.084033736;4.170692853;0.815407704;0.093923528;4.164791568;6.3982634;6.186054847
0.815907954;0.084030702;4.170760767;0.815907954;0.093911166;4.164868891;6.402188715;6.189849973
0.816408204;0.084028965;4.170828299;0.816408204;0.093898192;4.164943237;6.40611403;6.193645099
0.816908454;0.084025944;4.170894905;0.816908454;0.093886364;4.165016249;6.410039345;6.197440224
0.817408704;0.08402089;4.170954938;0.817408704;0.093872491;4.16508577;6.41396466;6.20123535
0.817908954;0.08401893;4.171020466;0.817908954;0.093858199;4.165157763;6.417889975;6.205030476
0.818409205;0.084016386;4.171082807;0.818409205;0.093845381;4.165227569;6.42181529;6.208825601
0.818909455;0.084014356;4.17114868;0.818909455;0.0938323;4.165294827;6.425740605;6.212620727
0.819409705;0.084008947;4.171208136;0.819409705;0.093817605;4.165359453;6.42966592;6.216415853
0.819909955;0.084008313;4.171273175;0.819909955;0.093806702;4.165427984;6.433591235;6.220210978
0.820410205;0.084006094;4.171334409;0.820410205;0.093798378;4.16549722;6.43751655;6.224006104
0.820910455;0.084003512;4.17139397;0.820910455;0.093784421;4.165561554;6.441441865;6.22780123
0.821410705;0.083998063;4.17144985;0.821410705;0.093768036;4.165621388;6.44536718;6.231596356
0.821910955;0.083994463;4.171510726;0.821910955;0.093754862;4.165682445;6.449292495;6.235391481
0.822411206;0.083992762;4.17156868;0.822411206;0.093744502;4.165746248;6.45321781;6.239186607
0.822911456;0.083988327;4.1716261;0.822911456;0.093731902;4.165806861;6.457143125;6.242981733
0.823411706;0.08398307;4.171684469;0.823411706;0.09371936;4.165868477;6.46106844;6.246776858
0.823911956;0.083981515;4.171743699;0.823911956;0.093710349;4.165931567;6.464993755;6.250571984
0.824412206;0.083975028;4.171797348;0.824412206;0.093696142;4.165989713;6.46891907;6.25436711
0.824912456;0.083972883;4.171854292;0.824912456;0.093682797;4.166049116;6.472844385;6.258162235
0.825412706;0.083970756;4.171911387;0.825412706;0.093670668;4.16610498;6.4767697;6.261957361
0.825912956;0.083967063;4.17196932;0.825912956;0.093661286;4.166165425;6.480695015;6.265752487
0.826413207;0.083964911;4.172026738;0.826413207;0.093648118;4.166221189;6.48462033;6.269547612
0.826913457;0.083960215;4.172082959;0.826913457;0.093637094;4.166278608;6.488545645;6.273342738
0.827413707;0.083957671;4.172138735;0.827413707;0.093623329;4.16633328;6.49247096;6.277137864
0.827913957;0.083952194;4.172193767;0.827913957;0.093613826;4.166391251;6.496396275;6.280932989
0.828414207;0.083947682;4.172247664;0.828414207;0.093603343;4.166446988;6.50032159;6.284728115
0.828914457;0.083947601;4.172308135;0.828914457;0.093587551;4.166499623;6.504246905;6.288523241
0.829414707;0.083942757;4.172360502;0.829414707;0.093576266;4.166552679;6.50817222;6.292318366
0.829914957;0.083935453;4.172412934;0.829914957;0.09356429;4.1666073;6.512097535;6.296113492
0.830415208;0.083932487;4.17246768;0.830415208;0.093553873;4.166662975;6.51602285;6.299908618
0.830915458;0.083927767;4.172523734;0.830915458;0.09353957;4.166711987;6.519948165;6.303703743
0.831415708;0.083924368;4.172578496;0.831415708;0.093527789;4.166761904;6.523873479;6.307498869
0.831915958;0.083916798;4.172630193;0.831915958;0.093520218;4.166818745;6.527798794;6.311293995
0.832416208;0.083913957;4.172686154;0.832416208;0.093508049;4.166869241;6.531724109;6.31508912
0.832916458;0.08390989;4.172742179;0.832916458;0.093498045;4.166921907;6.535649424;6.318884246
0.833416708;0.083904943;4.172795048;0.833416708;0.093485653;4.166971285;6.539574739;6.322679372
0.833916958;0.083898712;4.172846446;0.833916958;0.093473977;4.167023379;6.543500054;6.326474497
0.834417209;0.083896543;4.172904936;0.834417209;0.0934647;4.167076316;6.547425369;6.330269623
0.834917459;0.083889159;4.172956052;0.834917459;0.093453079;4.167128079;6.551350684;6.334064749
0.835417709;0.083882119;4.173007134;0.835417709;0.093441092;4.167177796;6.555275999;6.337859874
0.835917959;0.083878548;4.173064324;0.835917959;0.093431122;4.167230797;6.559201314;6.341655
0.836418209;0.083875536;4.173118566;0.836418209;0.093418162;4.167280436;6.563126629;6.345450126
0.836918459;0.083867321;4.173170649;0.836918459;0.093405944;4.167329186;6.567051944;6.349245251
0.837418709;0.083867267;4.173232183;0.837418709;0.093395592;4.167379551;6.570977259;6.353040377
0.837918959;0.083859712;4.173284344;0.837918959;0.093384893;4.167430559;6.574902574;6.356835503
0.83841921;0.08385471;4.173338822;0.83841921;0.093373378;4.167480423;6.578827889;6.360630628
0.83891946;0.083849065;4.173395682;0.83891946;0.09336412;4.167528923;6.582753204;6.364425754
0.83941971;0.083844785;4.17345164;0.83941971;0.093352705;4.167580458;6.586678519;6.36822088
0.83991996;0.083837837;4.17350598;0.83991996;0.09334178;4.167630186;6.590603834;6.372016005
0.84042021;0.083832341;4.173561514;0.84042021;0.093330133;4.167678535;6.594529149;6.375811131
0.84092046;0.083828127;4.173618418;0.84092046;0.093319769;4.167728338;6.598454464;6.379606257
0.84142071;0.08382035;4.173672021;0.84142071;0.093309081;4.167777182;6.602379779;6.383401382
0.84192096;0.083815145;4.173729831;0.84192096;0.093298233;4.167825836;6.606305094;6.387196508
0.842421211;0.083809983;4.173786928;0.842421211;0.09328627;4.167873816;6.610230409;6.390991634
0.842921461;0.083805506;4.173845022;0.842921461;0.093280508;4.16792761;6.614155724;6.394786759
0.843421711;0.083802347;4.173905507;0.843421711;0.093269245;4.167977195;6.618081039;6.398581885
0.843921961;0.083796798;4.173963374;0.843921961;0.093259719;4.168027865;6.622006354;6.402377011
0.844422211;0.0837873;4.174017912;0.844422211;0.093250184;4.168079307;6.625931669;6.406172136
0.844922461;0.083782343;4.174076342;0.844922461;0.093237413;4.168127781;6.629856984;6.409967262
0.845422711;0.083776709;4.174134869;0.845422711;0.093223755;4.168172879;6.633782299;6.413762388
0.845922961;0.08377199;4.174195752;0.845922961;0.093213846;4.168225625;6.637707614;6.417557513
0.846423212;0.083765265;4.174252135;0.846423212;0.093204736;4.168277154;6.641632929;6.421352639
0.846923462;0.083760858;4.174314594;0.846923462;0.093193066;4.168325235;6.645558244;6.425147765
0.847423712;0.08375319;4.174371888;0.847423712;0.093182614;4.168376454;6.649483559;6.428942891
0.847923962;0.083744309;4.174428909;0.847923962;0.093170344;4.168424294;6.653408873;6.432738016
0.848424212;0.083735989;4.174486589;0.848424212;0.093161018;4.168476839;6.657334188;6.436533142
0.848924462;0.083733279;4.174549466;0.848924462;0.093150513;4.168528143;6.661259503;6.440328268
0.849424712;0.083725277;4.174608674;0.849424712;0.093140631;4.16857966;6.665184818;6.444123393
0.849924962;0.083721015;4.174673521;0.849924962;0.093128872;4.168629411;6.669110133;6.447918519
0.850425213;0.083710278;4.174731246;0.850425213;0.093116611;4.168679978;6.673035448;6.451713645
0.850925463;0.083706941;4.174796037;0.850925463;0.093107274;4.168733292;6.676960763;6.45550877
0.851425713;0.083700822;4.174860089;0.851425713;0.093097783;4.16878577;6.680886078;6.459303896
0.851925963;0.083693584;4.174923602;0.851925963;0.093086857;4.168836942;6.684811393;6.463099022
0.852426213;0.083688428;4.174987973;0.852426213;0.093075431;4.168886687;6.688736708;6.466894147
0.852926463;0.083681817;4.175053098;0.852926463;0.093069812;4.168947171;6.692662023;6.470689273
0.853426713;0.083674232;4.17511538;0.853426713;0.093057428;4.168995515;6.696587338;6.474484399
0.853926963;0.083668315;4.175180929;0.853926963;0.093044102;4.169045678;6.700512653;6.478279524
0.854427214;0.083661768;4.175246788;0.854427214;0.093032886;4.169098321;6.704437968;6.48207465
0.854927464;0.083655178;4.175313636;0.854927464;0.093024137;4.169156067;6.708363283;6.485869776
0.855427714;0.083648362;4.175379689;0.855427714;0.093013825;4.16920912;6.712288598;6.489664901
0.855927964;0.083642004;4.175447312;0.855927964;0.093002086;4.169262501;6.716213913;6.493460027
0.856428214;0.083634155;4.175514631;0.856428214;0.092990578;4.169316736;6.720139228;6.497255153
0.856928464;0.083629647;4.175584618;0.856928464;0.09297865;4.16937006;6.724064543;6.501050278
0.857428714;0.083622024;4.175652848;0.857428714;0.09297031;4.169425442;6.727989858;6.504845404
0.857928964;0.083614497;4.17572163;0.857928964;0.092959165;4.169480869;6.731915173;6.50864053
0.858429215;0.083605932;4.175790076;0.858429215;0.092951974;4.169540328;6.735840488;6.512435655
0.858929465;0.083602401;4.175863244;0.858929465;0.092938749;4.16959316;6.739765803;6.516230781
0.859429715;0.083597143;4.175937119;0.859429715;0.092928749;4.169649236;6.743691118;6.520025907
0.859929965;0.083589232;4.17600756;0.859929965;0.092917723;4.169706868;6.747616433;6.523821032
0.860430215;0.083582943;4.176082588;0.860430215;0.09290998;4.169767978;6.751541748;6.527616158
0.860930465;0.083572771;4.176152546;0.860930465;0.0928986;4.169825795;6.755467063;6.531411284
0.861430715;0.08356957;4.176229625;0.861430715;0.092885288;4.169882418;6.759392378;6.535206409
0.861930965;0.083562184;4.176305143;0.861930965;0.092874631;4.169941155;6.763317693;6.539001535
0.862431216;0.083551095;4.176376342;0.862431216;0.092864861;4.169999906;6.767243008;6.542796661
0.862931466;0.083546106;4.176455629;0.862931466;0.092853171;4.170059745;6.771168323;6.546591786
0.863431716;0.083539477;4.176534528;0.863431716;0.092843069;4.170120341;6.775093638;6.550386912
0.863931966;0.083528904;4.176607918;0.863931966;0.092832754;4.170180773;6.779018953;6.554182038
0.864432216;0.083523203;4.176686194;0.864432216;0.092822208;4.170241094;6.782944267;6.557977163
0.864932466;0.083517696;4.17676812;0.864932466;0.092810661;4.170303306;6.786869582;6.561772289
0.865432716;0.083510505;4.176847263;0.865432716;0.092801506;4.170364293;6.790794897;6.565567415
0.865932966;0.083502538;4.176927367;0.865932966;0.092793954;4.170431662;6.794720212;6.56936254
0.866433217;0.08349397;4.177005585;0.866433217;0.092780476;4.170492002;6.798645527;6.573157666
0.866933467;0.083487945;4.177088292;0.866933467;0.092770273;4.170557465;6.802570842;6.576952792
0.867433717;0.083480781;4.177170581;0.867433717;0.092760209;4.170621291;6.806496157;6.580747917
0.867933967;0.083473668;4.177254635;0.867933967;0.092750695;4.170686909;6.810421472;6.584543043
0.868434217;0.083465084;4.177341916;0.868434217;0.092738822;4.170751722;6.814346787;6.588338169
0.868934467;0.083456195;4.177425144;0.868934467;0.092730423;4.170819892;6.818272102;6.592133294
0.869434717;0.083451439;4.177513814;0.869434717;0.092720296;4.170887841;6.822197417;6.59592842
0.869934967;0.083441347;4.177601725;0.869934967;0.092711097;4.170954834;6.826122732;6.599723546
0.870435218;0.083435923;4.177690432;0.870435218;0.092700787;4.171023057;6.830048047;6.603518671
0.870935468;0.083427399;4.17777792;0.870935468;0.092687211;4.171090843;6.833973362;6.607313797
0.871435718;0.083419704;4.177869512;0.871435718;0.092674839;4.171157676;6.837898677;6.611108923
0.871935968;0.08340967;4.177959705;0.871935968;0.092666276;4.171229248;6.841823992;6.614904049
0.872436218;0.083404102;4.178050618;0.872436218;0.092654896;4.171299241;6.845749307;6.618699174
0.872936468;0.08339704;4.178146212;0.872936468;0.092644002;4.171370923;6.849674622;6.6224943
0.873436718;0.083389765;4.178241713;0.873436718;0.092632644;4.171444966;6.853599937;6.626289426
0.873936968;0.083379256;4.178333313;0.873936968;0.092623921;4.171518122;6.857525252;6.630084551
0.874437219;0.083374321;4.178431237;0.874437219;0.092612438;4.171592451;6.861450567;6.633879677
0.874937469;0.083365465;4.178528166;0.874937469;0.092602312;4.171667882;6.865375882;6.637674803
0.875437719;0.083358939;4.178626595;0.875437719;0.092594137;4.171744807;6.869301197;6.641469928
0.875937969;0.083348016;4.178723246;0.875937969;0.092582656;4.171819628;6.873226512;6.645265054
0.876438219;0.083339913;4.178823127;0.876438219;0.092571426;4.171896243;6.877151827;6.64906018
0.876938469;0.083329759;4.178923899;0.876938469;0.092558887;4.171972567;6.881077142;6.652855305
0.877438719;0.083325094;4.179029389;0.877438719;0.092550158;4.172053572;6.885002457;6.656650431
0.877938969;0.083315637;4.179131819;0.877938969;0.092540377;4.172135168;6.888927772;6.660445557
0.87843922;0.083307101;4.179237335;0.87843922;0.092527355;4.172212437;6.892853087;6.664240682
0.87893947;0.083297722;4.179342892;0.87893947;0.092518167;4.172297251;6.896778402;6.668035808
0.87943972;0.083290589;4.17945258;0.87943972;0.092506464;4.172376967;6.900703717;6.671830934
0.87993997;0.083283686;4.179564607;0.87993997;0.092496047;4.172460723;6.904629032;6.675626059
0.88044022;0.083275152;4.179675124;0.88044022;0.092483818;4.172545386;6.908554347;6.679421185
0.88094047;0.083264572;4.1797808;0.88094047;0.092472621;4.172629233;6.912479661;6.683216311
0.88144072;0.083255796;4.179894978;0.88144072;0.092461853;4.17271688;6.916404976;6.687011436
0.88194097;0.083247047;4.180007145;0.88194097;0.092451224;4.172804831;6.920330291;6.690806562
0.882441221;0.083238241;4.180123366;0.882441221;0.092441126;4.172894528;6.924255606;6.694601688
0.882941471;0.083229355;4.180241302;0.882941471;0.092430413;4.172985105;6.928180921;6.698396813
0.883441721;0.083220206;4.180356376;0.883441721;0.09242009;4.173078603;6.932106236;6.702191939
0.883941971;0.083214186;4.180480469;0.883941971;0.092411313;4.173171094;6.936031551;6.705987065
0.884442221;0.083206213;4.180602952;0.884442221;0.092396596;4.173260093;6.939956866;6.70978219
0.884942471;0.083196059;4.180724222;0.884942471;0.092389178;4.173358374;6.943882181;6.713577316
0.885442721;0.08318755;4.180848512;0.885442721;0.092376079;4.173451414;6.947807496;6.717372442
0.885942971;0.083179716;4.180974369;0.885942971;0.092367237;4.173549853;6.951732811;6.721167567
0.886443222;0.083170959;4.181101959;0.886443222;0.092353685;4.1736444;6.955658126;6.724962693
0.886943472;0.083164264;4.181233145;0.886943472;0.092342527;4.173743871;6.959583441;6.728757819
0.887443722;0.083153022;4.18136074;0.887443722;0.092333757;4.173845675;6.963508756;6.732552944
0.887943972;0.083144889;4.181493815;0.887943972;0.092321169;4.173946345;6.967434071;6.73634807
0.888444222;0.083136973;4.181627639;0.888444222;0.092311457;4.17405075;6.971359386;6.740143196
0.888944472;0.083127904;4.181763811;0.888944472;0.092301359;4.174154749;6.975284701;6.743938321
0.889444722;0.08311922;4.181901434;0.889444722;0.092288422;4.174259212;6.979210016;6.747733447
0.889944972;0.083104914;4.182035325;0.889944972;0.09227786;4.174365521;6.983135331;6.751528573
0.890445223;0.083097226;4.182179961;0.890445223;0.092264112;4.174471577;6.987060646;6.755323698
0.890945473;0.083089617;4.18232362;0.890945473;0.092253764;4.174583111;6.990985961;6.759118824
0.891445723;0.083076839;4.182464399;0.891445723;0.092240401;4.174694325;6.994911276;6.76291395
0.891945973;0.083065444;4.182611278;0.891945973;0.092229404;4.174809939;6.998836591;6.766709075
0.892446223;0.083059451;4.182759889;0.892446223;0.092217723;4.174922807;7.002761906;6.770504201
0.892946473;0.083047621;4.182909702;0.892946473;0.092205522;4.175039035;7.006687221;6.774299327
0.893446723;0.083038668;4.183062032;0.893446723;0.092193942;4.175157263;7.010612536;6.778094452
0.893946973;0.083030567;4.183217328;0.893946973;0.092181995;4.175276028;7.014537851;6.781889578
0.894447224;0.083017796;4.183372151;0.894447224;0.092173168;4.175399873;7.018463166;6.785684704
0.894947474;0.083010475;4.183531494;0.894947474;0.092159049;4.175518489;7.022388481;6.789479829
0.895447724;0.08299935;4.183691736;0.895447724;0.092146637;4.17564151;7.026313796;6.793274955
0.895947974;0.082989096;4.183854895;0.895947974;0.09213693;4.175769147;7.030239111;6.797070081
0.896448224;0.082981699;4.184020562;0.896448224;0.092128474;4.175897857;7.034164426;6.800865206
0.896948474;0.082970278;4.184187559;0.896948474;0.09211642;4.176027405;7.038089741;6.804660332
0.897448724;0.082960449;4.184356911;0.897448724;0.092102837;4.176157816;7.042015055;6.808455458
0.897948974;0.082947434;4.184524839;0.897948974;0.092092197;4.176292988;7.04594037;6.812250584
0.898449225;0.082939413;4.184701698;0.898449225;0.092079742;4.176427338;7.049865685;6.816045709
0.898949475;0.082927803;4.18487765;0.898949475;0.092069018;4.176565992;7.053791;6.819840835
0.899449725;0.082920587;4.185058245;0.899449725;0.092056707;4.176704197;7.057716315;6.823635961
0.899949975;0.08290687;4.185238244;0.899949975;0.092046043;4.176848152;7.06164163;6.827431086
0.900450225;0.082893684;4.185420701;0.900450225;0.09203409;4.17699098;7.065566945;6.831226212
0.900950475;0.082883876;4.185607837;0.900950475;0.092019437;4.177133908;7.06949226;6.835021338
0.901450725;0.082873752;4.185798569;0.901450725;0.092010581;4.177285026;7.073417575;6.838816463
0.901950975;0.082866712;4.185992718;0.901950975;0.091995282;4.177431298;7.07734289;6.842611589
0.902451226;0.082853812;4.186185036;0.902451226;0.091983173;4.177581719;7.081268205;6.846406715
0.902951476;0.08284179;4.186381587;0.902951476;0.091970757;4.177736196;7.08519352;6.85020184
0.903451726;0.082831518;4.186581215;0.903451726;0.091960369;4.177894522;7.089118835;6.853996966
0.903951976;0.082821195;4.186785293;0.903951976;0.09194832;4.178054205;7.09304415;6.857792092
0.904452226;0.082807083;4.186989011;0.904452226;0.091937503;4.178215801;7.096969465;6.861587217
0.904952476;0.082797726;4.187200222;0.904952476;0.091922995;4.178375641;7.10089478;6.865382343
0.905452726;0.082784955;4.187411574;0.905452726;0.091910445;4.178540938;7.104820095;6.869177469
0.905952976;0.082775295;4.187625484;0.905952976;0.09189863;4.178710552;7.10874541;6.872972594
0.906453227;0.082762224;4.187840835;0.906453227;0.091885254;4.178881779;7.112670725;6.87676772
0.906953477;0.082749788;4.188060297;0.906953477;0.09187189;4.179053401;7.11659604;6.880562846
0.907453727;0.082737343;4.188284089;0.907453727;0.091859779;4.179231334;7.120521355;6.884357971
0.907953977;0.082727635;4.188513291;0.907953977;0.091848074;4.179410784;7.12444667;6.888153097
0.908454227;0.082713448;4.188741261;0.908454227;0.091833668;4.179593431;7.128371985;6.891948223
0.908954477;0.082703828;4.188978554;0.908954477;0.091819532;4.17977612;7.1322973;6.895743348
0.909454727;0.082689643;4.189213905;0.909454727;0.091808461;4.179964834;7.136222615;6.899538474
0.909954977;0.082674907;4.189451169;0.909954977;0.09179486;4.180157246;7.14014793;6.9033336
0.910455228;0.08266719;4.189701711;0.910455228;0.091781818;4.180350344;7.144073245;6.907128725
0.910955478;0.082653096;4.189946413;0.910955478;0.091767353;4.180547346;7.14799856;6.910923851
0.911455728;0.082638533;4.190196365;0.911455728;0.091755913;4.180748245;7.151923875;6.914718977
0.911955978;0.082626783;4.190453859;0.911955978;0.091742;4.180948052;7.15584919;6.918514102
0.912456228;0.082613894;4.190712536;0.912456228;0.09172901;4.181154662;7.159774505;6.922309228
0.912956478;0.082602134;4.190974857;0.912956478;0.091713261;4.18136185;7.16369982;6.926104354
0.913456728;0.082588745;4.191241023;0.913456728;0.091703097;4.181577836;7.167625135;6.929899479
0.913956978;0.08257295;4.191508902;0.913956978;0.091687047;4.181790771;7.171550449;6.933694605
0.914457229;0.082556996;4.191782474;0.914457229;0.091673836;4.182011097;7.175475764;6.937489731
0.914957479;0.082544944;4.192062552;0.914957479;0.09165898;4.182234586;7.179401079;6.941284856
0.915457729;0.082534336;4.192348449;0.915457729;0.091647371;4.182463214;7.183326394;6.945079982
0.915957979;0.082521969;4.192634289;0.915957979;0.09163425;4.182693668;7.187251709;6.948875108
0.916458229;0.082506943;4.192924707;0.916458229;0.091616276;4.18292256;7.191177024;6.952670233
0.916958479;0.082494594;4.193222196;0.916958479;0.091601543;4.183160736;7.195102339;6.956465359
0.917458729;0.08247916;4.193519395;0.917458729;0.09158704;4.183400142;7.199027654;6.960260485
0.917958979;0.082466641;4.193825367;0.917958979;0.091571696;4.18364621;7.202952969;6.96405561
0.91845923;0.082447464;4.19412933;0.91845923;0.09155852;4.183898873;7.206878284;6.967850736
0.91895948;0.082432741;4.194445009;0.91895948;0.091544487;4.184151298;7.210803599;6.971645862
0.91945973;0.08241916;4.194765589;0.91945973;0.091531671;4.184410331;7.214728914;6.975440987
0.91995998;0.082405956;4.195091472;0.91995998;0.091515527;4.184670479;7.218654229;6.979236113
0.92046023;0.082388264;4.19541508;0.92046023;0.091498731;4.18493612;7.222579544;6.983031239
0.92096048;0.082374764;4.195750871;0.92096048;0.091479652;4.185201493;7.226504859;6.986826364
0.92146073;0.082360016;4.196090094;0.92146073;0.091466786;4.185477873;7.230430174;6.99062149
0.92196098;0.08234455;4.196432365;0.92196098;0.091450875;4.185754942;7.234355489;6.994416616
0.922461231;0.082328689;4.196778808;0.922461231;0.091434437;4.18603935;7.238280804;6.998211742
0.922961481;0.082315531;4.197138697;0.922961481;0.091418769;4.186325617;7.242206119;7.002006867
0.923461731;0.082298787;4.197497761;0.923461731;0.091403286;4.186618257;7.246131434;7.005801993
0.923961981;0.082283673;4.197861981;0.923961981;0.091386584;4.186914323;7.250056749;7.009597119
0.924462231;0.082266554;4.198231097;0.924462231;0.091372341;4.18721833;7.253982064;7.013392244
0.924962481;0.082249357;4.198605915;0.924962481;0.091356887;4.187525264;7.257907379;7.01718737
0.925462731;0.082235577;4.198991082;0.925462731;0.091339203;4.187836468;7.261832694;7.020982496
0.925962981;0.082217725;4.199375876;0.925962981;0.091324587;4.188154848;7.265758009;7.024777621
0.926463232;0.082203939;4.199771026;0.926463232;0.091307247;4.188478935;7.269683324;7.028572747
0.926963482;0.082185503;4.200167711;0.926963482;0.091288063;4.188801702;7.273608639;7.032367873
0.927463732;0.082170285;4.200573041;0.927463732;0.091271139;4.189134356;7.277533954;7.036162998
0.927963982;0.082153414;4.200984385;0.927963982;0.091254717;4.189473357;7.281459269;7.039958124
0.928464232;0.082134731;4.201401299;0.928464232;0.091235802;4.189816673;7.285384584;7.04375325
0.928964482;0.082117425;4.20182458;0.928964482;0.091219197;4.190166426;7.289309899;7.047548375
0.929464732;0.082102325;4.202254922;0.929464732;0.091201771;4.190523549;7.293235214;7.051343501
0.929964982;0.082082851;4.2026882;0.929964982;0.091185454;4.190885702;7.297160529;7.055138627
0.930465233;0.082064588;4.203130866;0.930465233;0.091165469;4.191249784;7.301085843;7.058933752
0.930965483;0.082046053;4.203577795;0.930965483;0.091148049;4.191623945;7.305011158;7.062728878
0.931465733;0.082029352;4.204035753;0.931465733;0.09112927;4.192002684;7.308936473;7.066524004
0.931965983;0.082011046;4.204496479;0.931965983;0.091111497;4.192389053;7.312861788;7.070319129
0.932466233;0.081993096;4.204968245;0.932466233;0.091093031;4.192780073;7.316787103;7.074114255
0.932966483;0.081975256;4.20544486;0.932966483;0.091075912;4.193180254;7.320712418;7.077909381
0.933466733;0.081958778;4.205930274;0.933466733;0.09105696;4.193585379;7.324637733;7.081704506
0.933966983;0.08193887;4.206417424;0.933966983;0.091038131;4.193996618;7.328563048;7.085499632
0.934467234;0.081921085;4.206917299;0.934467234;0.091017292;4.194413862;7.332488363;7.089294758
0.934967484;0.081899048;4.20741993;0.934967484;0.09099869;4.19484093;7.336413678;7.093089883
0.935467734;0.081879361;4.207930277;0.935467734;0.090979409;4.195272695;7.340338993;7.096885009
0.935967984;0.081865908;4.208456255;0.935967984;0.090958516;4.195708884;7.344264308;7.100680135
0.936468234;0.081845948;4.208980772;0.936468234;0.090937862;4.196156468;7.348189623;7.10447526
0.936968484;0.08182568;4.209515931;0.936968484;0.090919769;4.196613839;7.352114938;7.108270386
0.937468734;0.081806855;4.210058818;0.937468734;0.09089838;4.197075335;7.356040253;7.112065512
0.937968984;0.081787599;4.210609979;0.937968984;0.090877117;4.197542922;7.359965568;7.115860637
0.938469235;0.081765145;4.211166065;0.938469235;0.090855854;4.198018067;7.363890883;7.119655763
0.938969485;0.081750603;4.211737107;0.938969485;0.090835609;4.198504513;7.367816198;7.123450889
0.939469735;0.081726677;4.212307432;0.939469735;0.090815694;4.198997691;7.371741513;7.127246014
0.939969985;0.081705298;4.212889687;0.939969985;0.090793002;4.199496835;7.375666828;7.13104114
0.940470235;0.08168445;4.213481396;0.940470235;0.090771704;4.20000469;7.379592143;7.134836266
0.940970485;0.081665185;4.214081736;0.940970485;0.090749026;4.200521248;7.383517458;7.138631391
0.941470735;0.081644356;4.214689265;0.941470735;0.09072581;4.201044626;7.387442773;7.142426517
0.941970985;0.081622524;4.215306951;0.941970985;0.090703362;4.201579107;7.391368088;7.146221643
0.942471236;0.081598568;4.215931638;0.942471236;0.09068071;4.202122718;7.395293403;7.150016768
0.942971486;0.081579355;4.216569912;0.942971486;0.090655122;4.202669744;7.399218718;7.153811894
0.943471736;0.08155625;4.217212149;0.943471736;0.090636485;4.203231982;7.403144033;7.15760702
0.943971986;0.081534721;4.217865465;0.943971986;0.090610544;4.203799409;7.407069348;7.161402145
0.944472236;0.081511614;4.218525548;0.944472236;0.090587311;4.204379026;7.410994663;7.165197271
0.944972486;0.081491668;4.219201644;0.944972486;0.090563073;4.204965068;7.414919978;7.168992397
0.945472736;0.081470788;4.219885628;0.945472736;0.090538126;4.205562413;7.418845293;7.172787522
0.945972986;0.081447714;4.220577365;0.945972986;0.090513234;4.206167999;7.422770608;7.176582648
0.946473237;0.081424486;4.221280003;0.946473237;0.090487213;4.206783966;7.426695922;7.180377774
0.946973487;0.081398972;4.221987404;0.946973487;0.090461798;4.207410106;7.430621237;7.1841729
0.947473737;0.081378868;4.222712837;0.947473737;0.09043497;4.208045513;7.434546552;7.187968025
0.947973987;0.081355699;4.223445377;0.947973987;0.090411091;4.20869207;7.438471867;7.191763151
0.948474237;0.081329066;4.224184305;0.948474237;0.09038301;4.209346695;7.442397182;7.195558277
0.948974487;0.081303821;4.224937337;0.948974487;0.090354413;4.210012086;7.446322497;7.199353402
0.949474737;0.081279723;4.225701039;0.949474737;0.090327249;4.21068927;7.450247812;7.203148528
0.949974987;0.081256108;4.226478374;0.949974987;0.090302188;4.211378636;7.454173127;7.206943654
0.950475238;0.081230878;4.227262862;0.950475238;0.090271937;4.212074571;7.458098442;7.210738779
0.950975488;0.08120865;4.228062453;0.950975488;0.090242955;4.212784873;7.462023757;7.214533905
0.951475738;0.08118141;4.228868108;0.951475738;0.090216459;4.213505054;7.465949072;7.218329031
0.951975988;0.081157055;4.229686032;0.951975988;0.09018609;4.214236241;7.469874387;7.222124156
0.952476238;0.081130805;4.230517411;0.952476238;0.090157127;4.214979142;7.473799702;7.225919282
0.952976488;0.081104826;4.231357023;0.952976488;0.090127654;4.215735341;7.477725017;7.229714408
0.953476738;0.081078556;4.232209673;0.953476738;0.090097438;4.216501375;7.481650332;7.233509533
0.953976988;0.081052313;4.233075978;0.953976988;0.090068346;4.217280707;7.485575647;7.237304659
0.954477239;0.081024928;4.233951932;0.954477239;0.090035035;4.218068794;7.489500962;7.241099785
0.954977489;0.080997529;4.234840757;0.954977489;0.090004576;4.218872646;7.493426277;7.24489491
0.955477739;0.08096919;4.235742129;0.955477739;0.089972103;4.219686799;7.497351592;7.248690036
0.955977989;0.080942102;4.236653641;0.955977989;0.089937077;4.220510351;7.501276907;7.252485162
0.956478239;0.080911827;4.237578638;0.956478239;0.089905058;4.221351633;7.505202222;7.256280287
0.956978489;0.080884403;4.238517851;0.956978489;0.089873219;4.222205314;7.509127537;7.260075413
0.957478739;0.080853775;4.239466889;0.957478739;0.089839805;4.223071075;7.513052852;7.263870539
0.957978989;0.080825642;4.240430973;0.957978989;0.08980289;4.22394905;7.516978167;7.267665664
0.95847924;0.080798228;4.241409976;0.95847924;0.089766957;4.224839011;7.520903482;7.27146079
0.95897949;0.080766561;4.242398113;0.95897949;0.089732725;4.22574733;7.524828797;7.275255916
0.95947974;0.080735533;4.24340154;0.95947974;0.089693943;4.226663644;7.528754112;7.279051041
0.95997999;0.080708855;4.244420669;0.95997999;0.089656773;4.227596486;7.532679427;7.282846167
0.96048024;0.080674924;4.245446923;0.96048024;0.089622089;4.228547823;7.536604742;7.286641293
0.96098049;0.08064623;4.246494557;0.96098049;0.089582646;4.229508668;7.540530057;7.290436418
0.96148074;0.080613626;4.247548195;0.96148074;0.089543712;4.230484132;7.544455372;7.294231544
0.96198099;0.080584143;4.248621354;0.96198099;0.089505305;4.231474638;7.548380687;7.29802667
0.962481241;0.080552054;4.249706532;0.962481241;0.08946446;4.232479682;7.552306002;7.301821795
0.962981491;0.080516622;4.250803077;0.962981491;0.08942184;4.233496702;7.556231316;7.305616921
0.963481741;0.08048644;4.251918032;0.963481741;0.089382092;4.234532749;7.560156631;7.309412047
0.963981991;0.080455679;4.253049014;0.963981991;0.089335324;4.235577704;7.564081946;7.313207172
0.964482241;0.08042246;4.254190725;0.964482241;0.089298344;4.236650719;7.568007261;7.317002298
0.964982491;0.0803889;4.255346359;0.964982491;0.089253774;4.237732556;7.571932576;7.320797424
0.965482741;0.080353898;4.256517882;0.965482741;0.08920757;4.238826854;7.575857891;7.324592549
0.965982991;0.080318663;4.25770213;0.965982991;0.08916215;4.239940608;7.579783206;7.328387675
0.966483242;0.080283564;4.258904765;0.966483242;0.089116984;4.241073636;7.583708521;7.332182801
0.966983492;0.080248343;4.260122163;0.966983492;0.089069014;4.242217684;7.587633836;7.335977926
0.967483742;0.08020797;4.261349196;0.967483742;0.089023008;4.243384408;7.591559151;7.339773052
0.967983992;0.080175069;4.262601396;0.967983992;0.088970475;4.244559805;7.595484466;7.343568178
0.968484242;0.080139043;4.263864344;0.968484242;0.088922065;4.245757463;7.599409781;7.347363303
0.968984492;0.080101512;4.265141874;0.968984492;0.08886765;4.246969451;7.603335096;7.351158429
0.969484742;0.080064354;4.266436087;0.969484742;0.088820418;4.248205263;7.607260411;7.354953555
0.969984992;0.080026596;4.267743444;0.969984992;0.088765232;4.249451375;7.611185726;7.35874868
0.970485243;0.079988502;4.269068735;0.970485243;0.08871098;4.25072078;7.615111041;7.362543806
0.970985493;0.079952253;4.27041007;0.970985493;0.088656622;4.252008078;7.619036356;7.366338932
0.971485743;0.079912271;4.271765588;0.971485743;0.088601833;4.253315567;7.622961671;7.370134057
0.971985993;0.079872743;4.27313792;0.971985993;0.088544338;4.254639736;7.626886986;7.373929183
0.972486243;0.079829939;4.274526542;0.972486243;0.088483759;4.255978412;7.630812301;7.377724309
0.972986493;0.079790281;4.275929667;0.972986493;0.088428098;4.257344333;7.634737616;7.381519435
0.973486743;0.079749508;4.277354114;0.973486743;0.088367469;4.25872598;7.638662931;7.38531456
0.973986993;0.079710108;4.278795687;0.973986993;0.088303987;4.260127657;7.642588246;7.389109686
0.974487244;0.079666081;4.280247855;0.974487244;0.088242414;4.261553176;7.646513561;7.392904812
0.974987494;0.079623671;4.281718738;0.974987494;0.088177826;4.262993846;7.650438876;7.396699937
0.975487744;0.07958093;4.283203787;0.975487744;0.088113997;4.264458378;7.654364191;7.400495063
0.975987994;0.079536766;4.284707841;0.975987994;0.088046404;4.265941571;7.658289506;7.404290189
0.976488244;0.079494404;4.286230865;0.976488244;0.087977447;4.267445422;7.662214821;7.408085314
0.976988494;0.079446951;4.287766125;0.976988494;0.087907682;4.268972992;7.666140136;7.41188044
0.977488744;0.079404113;4.289323986;0.977488744;0.08783171;4.270516975;7.670065451;7.415675566
0.977988994;0.079356992;4.290892843;0.977988994;0.087760028;4.272087751;7.673990766;7.419470691
0.978489245;0.07930786;4.292479376;0.978489245;0.087686872;4.273680579;7.677916081;7.423265817
0.978989495;0.079258595;4.294082648;0.978989495;0.087610184;4.275295404;7.681841396;7.427060943
0.979489745;0.079208943;4.295703717;0.979489745;0.087531404;4.276931785;7.68576671;7.430856068
0.979989995;0.07916336;4.297346542;0.979989995;0.087450415;4.278593287;7.689692025;7.434651194
0.980490245;0.07911499;4.299003504;0.980490245;0.087369687;4.280278599;7.69361734;7.43844632
0.980990495;0.079062574;4.300675657;0.980990495;0.087283173;4.281983172;7.697542655;7.442241445
0.981490745;0.079013188;4.302367983;0.981490745;0.087197343;4.28371484;7.70146797;7.446036571
0.981990995;0.078962199;4.304073369;0.981990995;0.087107184;4.28547038;7.705393285;7.449831697
0.982491246;0.078907671;4.305797718;0.982491246;0.087016219;4.287250647;7.7093186;7.453626822
0.982991496;0.078855166;4.30753968;0.982991496;0.086925538;4.289057837;7.713243915;7.457421948
0.983491746;0.078806376;4.309302501;0.983491746;0.08682681;4.290885505;7.71716923;7.461217074
0.983991996;0.078752521;4.311076661;0.983991996;0.086731276;4.292742721;7.721094545;7.465012199
0.984492246;0.078695308;4.312867644;0.984492246;0.086630372;4.294625253;7.72501986;7.468807325
0.984992496;0.078641747;4.314679924;0.984992496;0.086526016;4.296535133;7.728945175;7.472602451
0.985492746;0.078584274;4.316506077;0.985492746;0.086416343;4.298467615;7.73287049;7.476397576
0.985992996;0.078528438;4.318351633;0.985992996;0.086306694;4.300430394;7.736795805;7.480192702
0.986493247;0.078470172;4.320212773;0.986493247;0.086192689;4.302418141;7.74072112;7.483987828
0.986993497;0.078415043;4.322094278;0.986993497;0.086076827;4.304435336;7.744646435;7.487782953
0.987493747;0.078354324;4.323987012;0.987493747;0.085957849;4.306484211;7.74857175;7.491578079
0.987993997;0.078292484;4.325895725;0.987993997;0.085832271;4.308556868;7.752497065;7.495373205
0.988494247;0.078233217;4.327826335;0.988494247;0.08570217;4.310657691;7.75642238;7.49916833
0.988994497;0.078170163;4.329769076;0.988994497;0.085567541;4.31278979;7.760347695;7.502963456
0.989494747;0.078108202;4.331728521;0.989494747;0.085430651;4.314953749;7.76427301;7.506758582
0.989994997;0.078044589;4.333708306;0.989994997;0.085287923;4.317147562;7.768198325;7.510553707
0.990495248;0.077979237;4.335703101;0.990495248;0.085138838;4.319371239;7.77212364;7.514348833
0.990995498;0.077912893;4.337715195;0.990995498;0.084986476;4.32162718;7.776048955;7.518143959
0.991495748;0.077849175;4.339743331;0.991495748;0.084828008;4.323917041;7.77997427;7.521939084
0.991995998;0.077779631;4.341784546;0.991995998;0.084665642;4.326240268;7.783899585;7.52573421
0.992496248;0.077714525;4.343845435;0.992496248;0.084493272;4.328594034;7.7878249;7.529529336
0.992996498;0.077641858;4.345919731;0.992996498;0.084314843;4.330982108;7.791750215;7.533324461
0.993496748;0.077573657;4.348013148;0.993496748;0.084126229;4.333404262;7.79567553;7.537119587
0.993996998;0.077503939;4.350120947;0.993996998;0.083931367;4.335864261;7.799600845;7.540914713
0.994497249;0.077431885;4.352244094;0.994497249;0.083726296;4.338360861;7.80352616;7.544709838
0.994997499;0.077355421;4.354378274;0.994997499;0.083513613;4.340900426;7.807451475;7.548504964
0.995497749;0.077281569;4.356531991;0.995497749;0.083289931;4.343474581;7.81137679;7.55230009
0.995997999;0.077205078;4.35869792;0.995997999;0.083054974;4.346094044;7.815302104;7.556095215
0.996498249;0.077129098;4.360881289;0.996498249;0.082807574;4.348754812;7.819227419;7.559890341
0.996998499;0.07705286;4.363080717;0.996998499;0.082541126;4.351458843;7.823152734;7.563685467
0.997498749;0.076976394;4.365292497;0.997498749;0.082262619;4.354217102;7.827078049;7.567480593
0.997998999;0.076894189;4.367517143;0.997998999;0.081959907;4.357026347;7.831003364;7.571275718
0.99849925;0.076812593;4.369753989;0.99849925;0.081631954;4.359896238;7.834928679;7.575070844
0.9989995;0.07673065;4.372008791;0.9989995;0.081267227;4.362844984;7.838853994;7.57886597
0.99949975;0.076651889;4.374280527;0.99949975;0.08083885;4.365922014;7.842779309;7.582661095
1;0.076559;4.376555;1;0.079173;4.370825;7.846704624;7.586456221
